INFO 2025-09-05 22:42:18,450 autoreload 2904 4524 Watching for file changes with StatReloader
INFO 2025-09-05 22:42:19,050 autoreload 7256 11356 Watching for file changes with StatReloader
INFO 2025-09-05 22:42:19,152 autoreload 8692 12272 Watching for file changes with StatReloader
INFO 2025-09-05 22:42:19,315 autoreload 14196 19040 Watching for file changes with StatReloader
INFO 2025-09-05 22:42:20,112 autoreload 11380 18008 Watching for file changes with StatReloader
INFO 2025-09-05 22:42:20,124 autoreload 17488 15680 Watching for file changes with StatReloader
INFO 2025-09-05 22:48:52,465 autoreload 14196 19040 C:\Users\hp\Labs_SoftWare-Engineering\Lab6\School\School\settings.py changed, reloading.
INFO 2025-09-05 22:48:52,802 autoreload 2904 4524 C:\Users\hp\Labs_SoftWare-Engineering\Lab6\School\School\settings.py changed, reloading.
INFO 2025-09-05 22:48:52,842 autoreload 17488 15680 C:\Users\hp\Labs_SoftWare-Engineering\Lab6\School\School\settings.py changed, reloading.
INFO 2025-09-05 22:48:52,876 autoreload 7256 11356 C:\Users\hp\Labs_SoftWare-Engineering\Lab6\School\School\settings.py changed, reloading.
INFO 2025-09-05 22:48:53,466 autoreload 8692 12272 C:\Users\hp\Labs_SoftWare-Engineering\Lab6\School\School\settings.py changed, reloading.
INFO 2025-09-05 22:48:53,476 autoreload 11380 18008 C:\Users\hp\Labs_SoftWare-Engineering\Lab6\School\School\settings.py changed, reloading.
INFO 2025-09-05 22:49:03,902 autoreload 17980 13916 Watching for file changes with StatReloader
INFO 2025-09-05 22:49:05,940 autoreload 13896 18764 Watching for file changes with StatReloader
INFO 2025-09-05 22:49:06,105 autoreload 10652 7636 Watching for file changes with StatReloader
INFO 2025-09-05 22:49:06,273 autoreload 16232 8832 Watching for file changes with StatReloader
INFO 2025-09-05 22:49:06,636 autoreload 6552 14032 Watching for file changes with StatReloader
INFO 2025-09-05 22:49:08,291 autoreload 15348 18064 Watching for file changes with StatReloader
INFO 2025-09-05 22:49:19,415 autoreload 13896 18764 C:\Users\hp\Labs_SoftWare-Engineering\Lab6\School\core\views.py changed, reloading.
INFO 2025-09-05 22:49:19,601 autoreload 10652 7636 C:\Users\hp\Labs_SoftWare-Engineering\Lab6\School\core\views.py changed, reloading.
INFO 2025-09-05 22:49:19,746 autoreload 6552 14032 C:\Users\hp\Labs_SoftWare-Engineering\Lab6\School\core\views.py changed, reloading.
INFO 2025-09-05 22:49:19,933 autoreload 17980 13916 C:\Users\hp\Labs_SoftWare-Engineering\Lab6\School\core\views.py changed, reloading.
INFO 2025-09-05 22:49:19,947 autoreload 16232 8832 C:\Users\hp\Labs_SoftWare-Engineering\Lab6\School\core\views.py changed, reloading.
INFO 2025-09-05 22:49:20,402 autoreload 15348 18064 C:\Users\hp\Labs_SoftWare-Engineering\Lab6\School\core\views.py changed, reloading.
INFO 2025-09-05 22:49:29,419 autoreload 12940 8136 Watching for file changes with StatReloader
INFO 2025-09-05 22:49:29,430 autoreload 14788 14760 Watching for file changes with StatReloader
INFO 2025-09-05 22:49:29,437 autoreload 9404 12732 Watching for file changes with StatReloader
INFO 2025-09-05 22:49:29,555 autoreload 10448 5304 Watching for file changes with StatReloader
INFO 2025-09-05 22:49:29,645 autoreload 940 17716 Watching for file changes with StatReloader
INFO 2025-09-05 22:49:29,625 autoreload 15056 10212 Watching for file changes with StatReloader
INFO 2025-09-05 22:49:48,073 autoreload 940 17716 C:\Users\hp\Labs_SoftWare-Engineering\Lab6\School\School\settings.py changed, reloading.
INFO 2025-09-05 22:49:48,225 autoreload 12940 8136 C:\Users\hp\Labs_SoftWare-Engineering\Lab6\School\School\settings.py changed, reloading.
INFO 2025-09-05 22:49:48,229 autoreload 14788 14760 C:\Users\hp\Labs_SoftWare-Engineering\Lab6\School\School\settings.py changed, reloading.
INFO 2025-09-05 22:49:48,264 autoreload 15056 10212 C:\Users\hp\Labs_SoftWare-Engineering\Lab6\School\School\settings.py changed, reloading.
INFO 2025-09-05 22:49:48,988 autoreload 10448 5304 C:\Users\hp\Labs_SoftWare-Engineering\Lab6\School\School\settings.py changed, reloading.
INFO 2025-09-05 22:49:48,996 autoreload 9404 12732 C:\Users\hp\Labs_SoftWare-Engineering\Lab6\School\School\settings.py changed, reloading.
INFO 2025-09-05 22:49:57,009 autoreload 12804 9544 Watching for file changes with StatReloader
INFO 2025-09-05 22:49:57,155 autoreload 6872 9264 Watching for file changes with StatReloader
INFO 2025-09-05 22:49:58,145 autoreload 18280 1084 Watching for file changes with StatReloader
INFO 2025-09-05 22:49:58,544 autoreload 792 19412 Watching for file changes with StatReloader
INFO 2025-09-05 22:49:58,756 autoreload 17048 14432 Watching for file changes with StatReloader
INFO 2025-09-05 22:49:59,131 autoreload 980 2532 Watching for file changes with StatReloader
INFO 2025-09-05 23:12:40,785 autoreload 792 19412 C:\Users\hp\Labs_SoftWare-Engineering\Lab6\School\School\settings.py changed, reloading.
INFO 2025-09-05 23:12:40,855 autoreload 18280 1084 C:\Users\hp\Labs_SoftWare-Engineering\Lab6\School\School\settings.py changed, reloading.
INFO 2025-09-05 23:12:40,982 autoreload 12804 9544 C:\Users\hp\Labs_SoftWare-Engineering\Lab6\School\School\settings.py changed, reloading.
INFO 2025-09-05 23:12:41,420 autoreload 17048 14432 C:\Users\hp\Labs_SoftWare-Engineering\Lab6\School\School\settings.py changed, reloading.
INFO 2025-09-05 23:12:41,498 autoreload 6872 9264 C:\Users\hp\Labs_SoftWare-Engineering\Lab6\School\School\settings.py changed, reloading.
INFO 2025-09-05 23:12:41,484 autoreload 980 2532 C:\Users\hp\Labs_SoftWare-Engineering\Lab6\School\School\settings.py changed, reloading.
INFO 2025-09-05 23:12:46,420 autoreload 6296 5348 Watching for file changes with StatReloader
INFO 2025-09-05 23:12:46,439 autoreload 9924 3560 Watching for file changes with StatReloader
INFO 2025-09-05 23:12:46,548 autoreload 14328 15992 Watching for file changes with StatReloader
INFO 2025-09-05 23:12:46,667 autoreload 13816 3392 Watching for file changes with StatReloader
INFO 2025-09-05 23:12:47,157 autoreload 13460 12064 Watching for file changes with StatReloader
INFO 2025-09-05 23:12:47,477 autoreload 16632 12004 Watching for file changes with StatReloader
INFO 2025-09-05 23:14:01,000 autoreload 16632 12004 C:\Users\hp\Labs_SoftWare-Engineering\Lab6\School\core\urls.py changed, reloading.
INFO 2025-09-05 23:14:01,168 autoreload 9924 3560 C:\Users\hp\Labs_SoftWare-Engineering\Lab6\School\core\urls.py changed, reloading.
INFO 2025-09-05 23:14:01,473 autoreload 14328 15992 C:\Users\hp\Labs_SoftWare-Engineering\Lab6\School\core\urls.py changed, reloading.
INFO 2025-09-05 23:14:01,553 autoreload 13460 12064 C:\Users\hp\Labs_SoftWare-Engineering\Lab6\School\core\urls.py changed, reloading.
INFO 2025-09-05 23:14:01,719 autoreload 6296 5348 C:\Users\hp\Labs_SoftWare-Engineering\Lab6\School\core\urls.py changed, reloading.
INFO 2025-09-05 23:14:01,735 autoreload 13816 3392 C:\Users\hp\Labs_SoftWare-Engineering\Lab6\School\core\urls.py changed, reloading.
INFO 2025-09-05 23:14:08,387 autoreload 10028 12160 Watching for file changes with StatReloader
INFO 2025-09-05 23:14:08,522 autoreload 16040 12436 Watching for file changes with StatReloader
INFO 2025-09-05 23:14:08,522 autoreload 17428 3300 Watching for file changes with StatReloader
INFO 2025-09-05 23:14:08,532 autoreload 15636 2412 Watching for file changes with StatReloader
INFO 2025-09-05 23:14:08,530 autoreload 2224 15856 Watching for file changes with StatReloader
INFO 2025-09-05 23:14:09,064 autoreload 13180 15240 Watching for file changes with StatReloader
INFO 2025-09-05 23:33:39,496 autoreload 15636 2412 C:\Users\hp\Labs_SoftWare-Engineering\Lab6\School\core\models.py changed, reloading.
INFO 2025-09-05 23:33:39,600 autoreload 10028 12160 C:\Users\hp\Labs_SoftWare-Engineering\Lab6\School\core\models.py changed, reloading.
INFO 2025-09-05 23:33:39,833 autoreload 2224 15856 C:\Users\hp\Labs_SoftWare-Engineering\Lab6\School\core\models.py changed, reloading.
INFO 2025-09-05 23:33:39,848 autoreload 16040 12436 C:\Users\hp\Labs_SoftWare-Engineering\Lab6\School\core\models.py changed, reloading.
INFO 2025-09-05 23:33:39,859 autoreload 17428 3300 C:\Users\hp\Labs_SoftWare-Engineering\Lab6\School\core\models.py changed, reloading.
INFO 2025-09-05 23:33:39,982 autoreload 13180 15240 C:\Users\hp\Labs_SoftWare-Engineering\Lab6\School\core\models.py changed, reloading.
INFO 2025-09-05 23:33:45,855 autoreload 15660 18256 Watching for file changes with StatReloader
INFO 2025-09-05 23:33:46,130 autoreload 7784 10296 Watching for file changes with StatReloader
INFO 2025-09-05 23:33:46,681 autoreload 10564 13732 Watching for file changes with StatReloader
INFO 2025-09-05 23:33:47,509 autoreload 15880 18824 Watching for file changes with StatReloader
INFO 2025-09-05 23:33:47,619 autoreload 15232 13780 Watching for file changes with StatReloader
INFO 2025-09-05 23:33:48,680 autoreload 15084 11392 Watching for file changes with StatReloader
INFO 2025-09-05 23:34:57,038 autoreload 15084 11392 C:\Users\hp\Labs_SoftWare-Engineering\Lab6\School\core\admin.py changed, reloading.
INFO 2025-09-05 23:34:57,282 autoreload 15232 13780 C:\Users\hp\Labs_SoftWare-Engineering\Lab6\School\core\admin.py changed, reloading.
INFO 2025-09-05 23:34:58,021 autoreload 7784 10296 C:\Users\hp\Labs_SoftWare-Engineering\Lab6\School\core\admin.py changed, reloading.
INFO 2025-09-05 23:34:57,798 autoreload 15660 18256 C:\Users\hp\Labs_SoftWare-Engineering\Lab6\School\core\admin.py changed, reloading.
INFO 2025-09-05 23:34:58,320 autoreload 15880 18824 C:\Users\hp\Labs_SoftWare-Engineering\Lab6\School\core\admin.py changed, reloading.
INFO 2025-09-05 23:34:58,634 autoreload 10564 13732 C:\Users\hp\Labs_SoftWare-Engineering\Lab6\School\core\admin.py changed, reloading.
INFO 2025-09-05 23:35:10,738 autoreload 8464 4792 Watching for file changes with StatReloader
INFO 2025-09-05 23:35:10,517 autoreload 8860 984 Watching for file changes with StatReloader
INFO 2025-09-05 23:35:10,508 autoreload 10212 3080 Watching for file changes with StatReloader
INFO 2025-09-05 23:35:10,466 autoreload 18008 11356 Watching for file changes with StatReloader
INFO 2025-09-05 23:35:10,404 autoreload 6204 8844 Watching for file changes with StatReloader
INFO 2025-09-05 23:35:10,321 autoreload 17536 16480 Watching for file changes with StatReloader
INFO 2025-09-05 23:37:16,185 autoreload 6204 8844 C:\Users\hp\Labs_SoftWare-Engineering\Lab6\School\core\forms.py changed, reloading.
INFO 2025-09-05 23:37:16,264 autoreload 17536 16480 C:\Users\hp\Labs_SoftWare-Engineering\Lab6\School\core\forms.py changed, reloading.
INFO 2025-09-05 23:37:16,224 autoreload 18008 11356 C:\Users\hp\Labs_SoftWare-Engineering\Lab6\School\core\forms.py changed, reloading.
INFO 2025-09-05 23:37:16,204 autoreload 8464 4792 C:\Users\hp\Labs_SoftWare-Engineering\Lab6\School\core\forms.py changed, reloading.
INFO 2025-09-05 23:37:16,507 autoreload 8860 984 C:\Users\hp\Labs_SoftWare-Engineering\Lab6\School\core\forms.py changed, reloading.
INFO 2025-09-05 23:37:16,734 autoreload 10212 3080 C:\Users\hp\Labs_SoftWare-Engineering\Lab6\School\core\forms.py changed, reloading.
INFO 2025-09-05 23:37:23,574 autoreload 9684 19260 Watching for file changes with StatReloader
INFO 2025-09-05 23:37:24,448 autoreload 14964 14060 Watching for file changes with StatReloader
INFO 2025-09-05 23:37:24,670 autoreload 5556 17604 Watching for file changes with StatReloader
INFO 2025-09-05 23:37:25,137 autoreload 8252 7180 Watching for file changes with StatReloader
INFO 2025-09-05 23:37:25,708 autoreload 16176 12292 Watching for file changes with StatReloader
INFO 2025-09-05 23:37:25,721 autoreload 11988 13420 Watching for file changes with StatReloader
INFO 2025-09-05 23:38:45,504 autoreload 9684 19260 C:\Users\hp\Labs_SoftWare-Engineering\Lab6\School\core\views.py changed, reloading.
INFO 2025-09-05 23:38:45,555 autoreload 16176 12292 C:\Users\hp\Labs_SoftWare-Engineering\Lab6\School\core\views.py changed, reloading.
INFO 2025-09-05 23:38:45,849 autoreload 5556 17604 C:\Users\hp\Labs_SoftWare-Engineering\Lab6\School\core\views.py changed, reloading.
INFO 2025-09-05 23:38:46,253 autoreload 14964 14060 C:\Users\hp\Labs_SoftWare-Engineering\Lab6\School\core\views.py changed, reloading.
INFO 2025-09-05 23:38:46,275 autoreload 8252 7180 C:\Users\hp\Labs_SoftWare-Engineering\Lab6\School\core\views.py changed, reloading.
INFO 2025-09-05 23:38:46,503 autoreload 11988 13420 C:\Users\hp\Labs_SoftWare-Engineering\Lab6\School\core\views.py changed, reloading.
INFO 2025-09-05 23:38:53,152 autoreload 2480 3764 Watching for file changes with StatReloader
INFO 2025-09-05 23:38:53,236 autoreload 2096 13892 Watching for file changes with StatReloader
INFO 2025-09-05 23:38:53,570 autoreload 14244 18040 Watching for file changes with StatReloader
INFO 2025-09-05 23:38:53,654 autoreload 14384 18884 Watching for file changes with StatReloader
INFO 2025-09-05 23:38:55,116 autoreload 12252 8828 Watching for file changes with StatReloader
INFO 2025-09-05 23:38:55,216 autoreload 12080 2396 Watching for file changes with StatReloader
INFO 2025-09-05 23:40:45,828 autoreload 2096 13892 C:\Users\hp\Labs_SoftWare-Engineering\Lab6\School\core\urls.py changed, reloading.
INFO 2025-09-05 23:40:45,911 autoreload 2480 3764 C:\Users\hp\Labs_SoftWare-Engineering\Lab6\School\core\urls.py changed, reloading.
INFO 2025-09-05 23:40:45,934 autoreload 14244 18040 C:\Users\hp\Labs_SoftWare-Engineering\Lab6\School\core\urls.py changed, reloading.
INFO 2025-09-05 23:40:46,634 autoreload 12252 8828 C:\Users\hp\Labs_SoftWare-Engineering\Lab6\School\core\urls.py changed, reloading.
INFO 2025-09-05 23:40:46,661 autoreload 14384 18884 C:\Users\hp\Labs_SoftWare-Engineering\Lab6\School\core\urls.py changed, reloading.
INFO 2025-09-05 23:40:46,747 autoreload 12080 2396 C:\Users\hp\Labs_SoftWare-Engineering\Lab6\School\core\urls.py changed, reloading.
INFO 2025-09-05 23:40:55,728 autoreload 4144 6468 Watching for file changes with StatReloader
INFO 2025-09-05 23:40:56,709 autoreload 12368 14432 Watching for file changes with StatReloader
INFO 2025-09-05 23:40:57,274 autoreload 18816 2276 Watching for file changes with StatReloader
INFO 2025-09-05 23:40:57,493 autoreload 3628 14404 Watching for file changes with StatReloader
INFO 2025-09-05 23:40:58,361 autoreload 2988 2456 Watching for file changes with StatReloader
INFO 2025-09-05 23:40:58,755 autoreload 7276 14040 Watching for file changes with StatReloader
INFO 2025-09-05 23:42:05,496 autoreload 3628 14404 C:\Users\hp\Labs_SoftWare-Engineering\Lab6\School\core\views.py changed, reloading.
INFO 2025-09-05 23:42:05,667 autoreload 7276 14040 C:\Users\hp\Labs_SoftWare-Engineering\Lab6\School\core\views.py changed, reloading.
INFO 2025-09-05 23:42:06,380 autoreload 12368 14432 C:\Users\hp\Labs_SoftWare-Engineering\Lab6\School\core\views.py changed, reloading.
INFO 2025-09-05 23:42:06,480 autoreload 4144 6468 C:\Users\hp\Labs_SoftWare-Engineering\Lab6\School\core\views.py changed, reloading.
INFO 2025-09-05 23:42:06,573 autoreload 18816 2276 C:\Users\hp\Labs_SoftWare-Engineering\Lab6\School\core\views.py changed, reloading.
INFO 2025-09-05 23:42:06,650 autoreload 2988 2456 C:\Users\hp\Labs_SoftWare-Engineering\Lab6\School\core\views.py changed, reloading.
INFO 2025-09-05 23:42:14,442 autoreload 12548 17204 Watching for file changes with StatReloader
INFO 2025-09-05 23:42:14,720 autoreload 17796 3968 Watching for file changes with StatReloader
INFO 2025-09-05 23:42:14,738 autoreload 8536 16272 Watching for file changes with StatReloader
INFO 2025-09-05 23:42:15,961 autoreload 12640 14652 Watching for file changes with StatReloader
INFO 2025-09-05 23:42:15,991 autoreload 11648 10944 Watching for file changes with StatReloader
INFO 2025-09-05 23:42:15,993 autoreload 13548 18908 Watching for file changes with StatReloader
INFO 2025-09-05 23:44:51,207 autoreload 12640 14652 C:\Users\hp\Labs_SoftWare-Engineering\Lab6\School\manage.py changed, reloading.
INFO 2025-09-05 23:44:51,294 autoreload 11648 10944 C:\Users\hp\Labs_SoftWare-Engineering\Lab6\School\manage.py changed, reloading.
INFO 2025-09-05 23:44:51,600 autoreload 8536 16272 C:\Users\hp\Labs_SoftWare-Engineering\Lab6\School\manage.py changed, reloading.
INFO 2025-09-05 23:44:52,051 autoreload 13548 18908 C:\Users\hp\Labs_SoftWare-Engineering\Lab6\School\manage.py changed, reloading.
INFO 2025-09-05 23:44:52,116 autoreload 17796 3968 C:\Users\hp\Labs_SoftWare-Engineering\Lab6\School\manage.py changed, reloading.
INFO 2025-09-05 23:44:52,313 autoreload 12548 17204 C:\Users\hp\Labs_SoftWare-Engineering\Lab6\School\manage.py changed, reloading.
INFO 2025-09-06 00:54:42,156 autoreload 9496 16128 Watching for file changes with StatReloader
INFO 2025-09-06 00:57:39,566 autoreload 19288 8964 Watching for file changes with StatReloader
INFO 2025-09-06 01:06:35,376 autoreload 17980 13592 Watching for file changes with StatReloader
INFO 2025-09-06 01:08:18,136 autoreload 17980 13592 C:\Users\hp\Labs_SoftWare-Engineering\Lab6\School\School\settings.py changed, reloading.
INFO 2025-09-06 01:08:23,297 autoreload 3376 2036 Watching for file changes with StatReloader
INFO 2025-09-06 01:10:19,379 autoreload 8544 5512 Watching for file changes with StatReloader
WARNING 2025-09-06 01:10:27,725 base 8544 9480 Session data corrupted
INFO 2025-09-06 01:10:27,873 basehttp 8544 9480 "GET / HTTP/1.1" 302 0
INFO 2025-09-06 01:10:27,912 basehttp 8544 9480 "GET /User/login/?next=/ HTTP/1.1" 200 2848
INFO 2025-09-06 01:10:36,781 basehttp 8544 9480 "GET /User/login/?next=/ HTTP/1.1" 200 2848
INFO 2025-09-06 01:11:55,038 autoreload 9468 14684 Watching for file changes with StatReloader
WARNING 2025-09-06 01:11:59,793 base 9468 13100 Session data corrupted
INFO 2025-09-06 01:11:59,905 basehttp 9468 13100 "GET / HTTP/1.1" 302 0
INFO 2025-09-06 01:11:59,940 basehttp 9468 13100 "GET /User/login/?next=/ HTTP/1.1" 200 2848
WARNING 2025-09-06 01:12:07,673 base 9468 13100 Session data corrupted
ERROR 2025-09-06 01:12:07,813 log 9468 13100 Internal Server Error: /User/login/
Traceback (most recent call last):
  File "C:\Users\hp\AppData\Local\Programs\Python\Python313\Lib\site-packages\django\db\backends\utils.py", line 105, in _execute
    return self.cursor.execute(sql, params)
           ~~~~~~~~~~~~~~~~~~~^^^^^^^^^^^^^
  File "C:\Users\hp\AppData\Local\Programs\Python\Python313\Lib\site-packages\django\db\backends\sqlite3\base.py", line 360, in execute
    return super().execute(query, params)
           ~~~~~~~~~~~~~~~^^^^^^^^^^^^^^^
sqlite3.OperationalError: no such table: core_user

The above exception was the direct cause of the following exception:

Traceback (most recent call last):
  File "C:\Users\hp\AppData\Local\Programs\Python\Python313\Lib\site-packages\django\core\handlers\exception.py", line 55, in inner
    response = get_response(request)
  File "C:\Users\hp\AppData\Local\Programs\Python\Python313\Lib\site-packages\django\core\handlers\base.py", line 197, in _get_response
    response = wrapped_callback(request, *callback_args, **callback_kwargs)
  File "C:\Users\hp\Labs_SoftWare-Engineering\Lab6\School\User\views.py", line 12, in UserLogin
    user = authenticate(request, username=username, password=password)
  File "C:\Users\hp\AppData\Local\Programs\Python\Python313\Lib\site-packages\django\views\decorators\debug.py", line 75, in sensitive_variables_wrapper
    return func(*func_args, **func_kwargs)
  File "C:\Users\hp\AppData\Local\Programs\Python\Python313\Lib\site-packages\django\contrib\auth\__init__.py", line 114, in authenticate
    user = backend.authenticate(request, **credentials)
  File "C:\Users\hp\AppData\Local\Programs\Python\Python313\Lib\site-packages\django\contrib\auth\backends.py", line 65, in authenticate
    user = UserModel._default_manager.get_by_natural_key(username)
  File "C:\Users\hp\AppData\Local\Programs\Python\Python313\Lib\site-packages\django\contrib\auth\base_user.py", line 37, in get_by_natural_key
    return self.get(**{self.model.USERNAME_FIELD: username})
           ~~~~~~~~^^^^^^^^^^^^^^^^^^^^^^^^^^^^^^^^^^^^^^^^^
  File "C:\Users\hp\AppData\Local\Programs\Python\Python313\Lib\site-packages\django\db\models\manager.py", line 87, in manager_method
    return getattr(self.get_queryset(), name)(*args, **kwargs)
           ~~~~~~~~~~~~~~~~~~~~~~~~~~~~~~~~~~^^^^^^^^^^^^^^^^^
  File "C:\Users\hp\AppData\Local\Programs\Python\Python313\Lib\site-packages\django\db\models\query.py", line 629, in get
    num = len(clone)
  File "C:\Users\hp\AppData\Local\Programs\Python\Python313\Lib\site-packages\django\db\models\query.py", line 366, in __len__
    self._fetch_all()
    ~~~~~~~~~~~~~~~^^
  File "C:\Users\hp\AppData\Local\Programs\Python\Python313\Lib\site-packages\django\db\models\query.py", line 1949, in _fetch_all
    self._result_cache = list(self._iterable_class(self))
                         ~~~~^^^^^^^^^^^^^^^^^^^^^^^^^^^^
  File "C:\Users\hp\AppData\Local\Programs\Python\Python313\Lib\site-packages\django\db\models\query.py", line 91, in __iter__
    results = compiler.execute_sql(
        chunked_fetch=self.chunked_fetch, chunk_size=self.chunk_size
    )
  File "C:\Users\hp\AppData\Local\Programs\Python\Python313\Lib\site-packages\django\db\models\sql\compiler.py", line 1623, in execute_sql
    cursor.execute(sql, params)
    ~~~~~~~~~~~~~~^^^^^^^^^^^^^
  File "C:\Users\hp\AppData\Local\Programs\Python\Python313\Lib\site-packages\django\db\backends\utils.py", line 122, in execute
    return super().execute(sql, params)
           ~~~~~~~~~~~~~~~^^^^^^^^^^^^^
  File "C:\Users\hp\AppData\Local\Programs\Python\Python313\Lib\site-packages\django\db\backends\utils.py", line 79, in execute
    return self._execute_with_wrappers(
           ~~~~~~~~~~~~~~~~~~~~~~~~~~~^
        sql, params, many=False, executor=self._execute
        ^^^^^^^^^^^^^^^^^^^^^^^^^^^^^^^^^^^^^^^^^^^^^^^
    )
    ^
  File "C:\Users\hp\AppData\Local\Programs\Python\Python313\Lib\site-packages\django\db\backends\utils.py", line 92, in _execute_with_wrappers
    return executor(sql, params, many, context)
  File "C:\Users\hp\AppData\Local\Programs\Python\Python313\Lib\site-packages\django\db\backends\utils.py", line 100, in _execute
    with self.db.wrap_database_errors:
         ^^^^^^^^^^^^^^^^^^^^^^^^^^^^
  File "C:\Users\hp\AppData\Local\Programs\Python\Python313\Lib\site-packages\django\db\utils.py", line 91, in __exit__
    raise dj_exc_value.with_traceback(traceback) from exc_value
  File "C:\Users\hp\AppData\Local\Programs\Python\Python313\Lib\site-packages\django\db\backends\utils.py", line 105, in _execute
    return self.cursor.execute(sql, params)
           ~~~~~~~~~~~~~~~~~~~^^^^^^^^^^^^^
  File "C:\Users\hp\AppData\Local\Programs\Python\Python313\Lib\site-packages\django\db\backends\sqlite3\base.py", line 360, in execute
    return super().execute(query, params)
           ~~~~~~~~~~~~~~~^^^^^^^^^^^^^^^
django.db.utils.OperationalError: no such table: core_user
ERROR 2025-09-06 01:12:07,860 basehttp 9468 13100 "POST /User/login/?next=/ HTTP/1.1" 500 161847
INFO 2025-09-06 01:12:14,110 basehttp 9468 13100 "GET /User/register/ HTTP/1.1" 200 3989
INFO 2025-09-06 01:21:33,709 autoreload 14364 18204 Watching for file changes with StatReloader
WARNING 2025-09-06 01:21:54,976 base 14364 17428 Session data corrupted
INFO 2025-09-06 01:21:55,092 basehttp 14364 17428 "GET / HTTP/1.1" 302 0
INFO 2025-09-06 01:21:55,276 basehttp 14364 17428 "GET /User/login/?next=/ HTTP/1.1" 200 2848
WARNING 2025-09-06 01:21:55,873 log 14364 17428 Not Found: /favicon.ico
WARNING 2025-09-06 01:21:55,874 basehttp 14364 17428 "GET /favicon.ico HTTP/1.1" 404 8374
WARNING 2025-09-06 01:22:15,174 base 14364 13988 Session data corrupted
ERROR 2025-09-06 01:22:15,374 log 14364 13988 Internal Server Error: /User/login/
Traceback (most recent call last):
  File "C:\Users\hp\AppData\Local\Programs\Python\Python313\Lib\site-packages\django\db\backends\utils.py", line 105, in _execute
    return self.cursor.execute(sql, params)
           ~~~~~~~~~~~~~~~~~~~^^^^^^^^^^^^^
  File "C:\Users\hp\AppData\Local\Programs\Python\Python313\Lib\site-packages\django\db\backends\sqlite3\base.py", line 360, in execute
    return super().execute(query, params)
           ~~~~~~~~~~~~~~~^^^^^^^^^^^^^^^
sqlite3.OperationalError: no such table: core_user

The above exception was the direct cause of the following exception:

Traceback (most recent call last):
  File "C:\Users\hp\AppData\Local\Programs\Python\Python313\Lib\site-packages\django\core\handlers\exception.py", line 55, in inner
    response = get_response(request)
  File "C:\Users\hp\AppData\Local\Programs\Python\Python313\Lib\site-packages\django\core\handlers\base.py", line 197, in _get_response
    response = wrapped_callback(request, *callback_args, **callback_kwargs)
  File "C:\Users\hp\Labs_SoftWare-Engineering\Lab6\School\User\views.py", line 12, in UserLogin
    user = authenticate(request, username=username, password=password)
  File "C:\Users\hp\AppData\Local\Programs\Python\Python313\Lib\site-packages\django\views\decorators\debug.py", line 75, in sensitive_variables_wrapper
    return func(*func_args, **func_kwargs)
  File "C:\Users\hp\AppData\Local\Programs\Python\Python313\Lib\site-packages\django\contrib\auth\__init__.py", line 114, in authenticate
    user = backend.authenticate(request, **credentials)
  File "C:\Users\hp\AppData\Local\Programs\Python\Python313\Lib\site-packages\django\contrib\auth\backends.py", line 65, in authenticate
    user = UserModel._default_manager.get_by_natural_key(username)
  File "C:\Users\hp\AppData\Local\Programs\Python\Python313\Lib\site-packages\django\contrib\auth\base_user.py", line 37, in get_by_natural_key
    return self.get(**{self.model.USERNAME_FIELD: username})
           ~~~~~~~~^^^^^^^^^^^^^^^^^^^^^^^^^^^^^^^^^^^^^^^^^
  File "C:\Users\hp\AppData\Local\Programs\Python\Python313\Lib\site-packages\django\db\models\manager.py", line 87, in manager_method
    return getattr(self.get_queryset(), name)(*args, **kwargs)
           ~~~~~~~~~~~~~~~~~~~~~~~~~~~~~~~~~~^^^^^^^^^^^^^^^^^
  File "C:\Users\hp\AppData\Local\Programs\Python\Python313\Lib\site-packages\django\db\models\query.py", line 629, in get
    num = len(clone)
  File "C:\Users\hp\AppData\Local\Programs\Python\Python313\Lib\site-packages\django\db\models\query.py", line 366, in __len__
    self._fetch_all()
    ~~~~~~~~~~~~~~~^^
  File "C:\Users\hp\AppData\Local\Programs\Python\Python313\Lib\site-packages\django\db\models\query.py", line 1949, in _fetch_all
    self._result_cache = list(self._iterable_class(self))
                         ~~~~^^^^^^^^^^^^^^^^^^^^^^^^^^^^
  File "C:\Users\hp\AppData\Local\Programs\Python\Python313\Lib\site-packages\django\db\models\query.py", line 91, in __iter__
    results = compiler.execute_sql(
        chunked_fetch=self.chunked_fetch, chunk_size=self.chunk_size
    )
  File "C:\Users\hp\AppData\Local\Programs\Python\Python313\Lib\site-packages\django\db\models\sql\compiler.py", line 1623, in execute_sql
    cursor.execute(sql, params)
    ~~~~~~~~~~~~~~^^^^^^^^^^^^^
  File "C:\Users\hp\AppData\Local\Programs\Python\Python313\Lib\site-packages\django\db\backends\utils.py", line 122, in execute
    return super().execute(sql, params)
           ~~~~~~~~~~~~~~~^^^^^^^^^^^^^
  File "C:\Users\hp\AppData\Local\Programs\Python\Python313\Lib\site-packages\django\db\backends\utils.py", line 79, in execute
    return self._execute_with_wrappers(
           ~~~~~~~~~~~~~~~~~~~~~~~~~~~^
        sql, params, many=False, executor=self._execute
        ^^^^^^^^^^^^^^^^^^^^^^^^^^^^^^^^^^^^^^^^^^^^^^^
    )
    ^
  File "C:\Users\hp\AppData\Local\Programs\Python\Python313\Lib\site-packages\django\db\backends\utils.py", line 92, in _execute_with_wrappers
    return executor(sql, params, many, context)
  File "C:\Users\hp\AppData\Local\Programs\Python\Python313\Lib\site-packages\django\db\backends\utils.py", line 100, in _execute
    with self.db.wrap_database_errors:
         ^^^^^^^^^^^^^^^^^^^^^^^^^^^^
  File "C:\Users\hp\AppData\Local\Programs\Python\Python313\Lib\site-packages\django\db\utils.py", line 91, in __exit__
    raise dj_exc_value.with_traceback(traceback) from exc_value
  File "C:\Users\hp\AppData\Local\Programs\Python\Python313\Lib\site-packages\django\db\backends\utils.py", line 105, in _execute
    return self.cursor.execute(sql, params)
           ~~~~~~~~~~~~~~~~~~~^^^^^^^^^^^^^
  File "C:\Users\hp\AppData\Local\Programs\Python\Python313\Lib\site-packages\django\db\backends\sqlite3\base.py", line 360, in execute
    return super().execute(query, params)
           ~~~~~~~~~~~~~~~^^^^^^^^^^^^^^^
django.db.utils.OperationalError: no such table: core_user
ERROR 2025-09-06 01:22:15,413 basehttp 14364 13988 "POST /User/login/?next=/ HTTP/1.1" 500 161860
INFO 2025-09-06 01:22:24,646 basehttp 14364 12508 "GET /User/register/ HTTP/1.1" 200 3989
WARNING 2025-09-06 01:22:48,063 base 14364 7888 Session data corrupted
ERROR 2025-09-06 01:22:48,131 log 14364 7888 Internal Server Error: /User/register/
Traceback (most recent call last):
  File "C:\Users\hp\AppData\Local\Programs\Python\Python313\Lib\site-packages\django\db\backends\utils.py", line 105, in _execute
    return self.cursor.execute(sql, params)
           ~~~~~~~~~~~~~~~~~~~^^^^^^^^^^^^^
  File "C:\Users\hp\AppData\Local\Programs\Python\Python313\Lib\site-packages\django\db\backends\sqlite3\base.py", line 360, in execute
    return super().execute(query, params)
           ~~~~~~~~~~~~~~~^^^^^^^^^^^^^^^
sqlite3.OperationalError: no such table: core_user

The above exception was the direct cause of the following exception:

Traceback (most recent call last):
  File "C:\Users\hp\AppData\Local\Programs\Python\Python313\Lib\site-packages\django\core\handlers\exception.py", line 55, in inner
    response = get_response(request)
  File "C:\Users\hp\AppData\Local\Programs\Python\Python313\Lib\site-packages\django\core\handlers\base.py", line 197, in _get_response
    response = wrapped_callback(request, *callback_args, **callback_kwargs)
  File "C:\Users\hp\Labs_SoftWare-Engineering\Lab6\School\User\views.py", line 23, in register
    if form.is_valid():
       ~~~~~~~~~~~~~^^
  File "C:\Users\hp\AppData\Local\Programs\Python\Python313\Lib\site-packages\django\forms\forms.py", line 206, in is_valid
    return self.is_bound and not self.errors
                                 ^^^^^^^^^^^
  File "C:\Users\hp\AppData\Local\Programs\Python\Python313\Lib\site-packages\django\forms\forms.py", line 201, in errors
    self.full_clean()
    ~~~~~~~~~~~~~~~^^
  File "C:\Users\hp\AppData\Local\Programs\Python\Python313\Lib\site-packages\django\forms\forms.py", line 337, in full_clean
    self._clean_fields()
    ~~~~~~~~~~~~~~~~~~^^
  File "C:\Users\hp\AppData\Local\Programs\Python\Python313\Lib\site-packages\django\forms\forms.py", line 347, in _clean_fields
    value = getattr(self, "clean_%s" % name)()
  File "C:\Users\hp\AppData\Local\Programs\Python\Python313\Lib\site-packages\django\contrib\auth\forms.py", line 277, in clean_username
    and self._meta.model.objects.filter(username__iexact=username).exists()
        ~~~~~~~~~~~~~~~~~~~~~~~~~~~~~~~~~~~~~~~~~~~~~~~~~~~~~~~~~~~~~~~~~^^
  File "C:\Users\hp\AppData\Local\Programs\Python\Python313\Lib\site-packages\django\db\models\query.py", line 1296, in exists
    return self.query.has_results(using=self.db)
           ~~~~~~~~~~~~~~~~~~~~~~^^^^^^^^^^^^^^^
  File "C:\Users\hp\AppData\Local\Programs\Python\Python313\Lib\site-packages\django\db\models\sql\query.py", line 674, in has_results
    return compiler.has_results()
           ~~~~~~~~~~~~~~~~~~~~^^
  File "C:\Users\hp\AppData\Local\Programs\Python\Python313\Lib\site-packages\django\db\models\sql\compiler.py", line 1591, in has_results
    return bool(self.execute_sql(SINGLE))
                ~~~~~~~~~~~~~~~~^^^^^^^^
  File "C:\Users\hp\AppData\Local\Programs\Python\Python313\Lib\site-packages\django\db\models\sql\compiler.py", line 1623, in execute_sql
    cursor.execute(sql, params)
    ~~~~~~~~~~~~~~^^^^^^^^^^^^^
  File "C:\Users\hp\AppData\Local\Programs\Python\Python313\Lib\site-packages\django\db\backends\utils.py", line 122, in execute
    return super().execute(sql, params)
           ~~~~~~~~~~~~~~~^^^^^^^^^^^^^
  File "C:\Users\hp\AppData\Local\Programs\Python\Python313\Lib\site-packages\django\db\backends\utils.py", line 79, in execute
    return self._execute_with_wrappers(
           ~~~~~~~~~~~~~~~~~~~~~~~~~~~^
        sql, params, many=False, executor=self._execute
        ^^^^^^^^^^^^^^^^^^^^^^^^^^^^^^^^^^^^^^^^^^^^^^^
    )
    ^
  File "C:\Users\hp\AppData\Local\Programs\Python\Python313\Lib\site-packages\django\db\backends\utils.py", line 92, in _execute_with_wrappers
    return executor(sql, params, many, context)
  File "C:\Users\hp\AppData\Local\Programs\Python\Python313\Lib\site-packages\django\db\backends\utils.py", line 100, in _execute
    with self.db.wrap_database_errors:
         ^^^^^^^^^^^^^^^^^^^^^^^^^^^^
  File "C:\Users\hp\AppData\Local\Programs\Python\Python313\Lib\site-packages\django\db\utils.py", line 91, in __exit__
    raise dj_exc_value.with_traceback(traceback) from exc_value
  File "C:\Users\hp\AppData\Local\Programs\Python\Python313\Lib\site-packages\django\db\backends\utils.py", line 105, in _execute
    return self.cursor.execute(sql, params)
           ~~~~~~~~~~~~~~~~~~~^^^^^^^^^^^^^
  File "C:\Users\hp\AppData\Local\Programs\Python\Python313\Lib\site-packages\django\db\backends\sqlite3\base.py", line 360, in execute
    return super().execute(query, params)
           ~~~~~~~~~~~~~~~^^^^^^^^^^^^^^^
django.db.utils.OperationalError: no such table: core_user
ERROR 2025-09-06 01:22:48,261 basehttp 14364 7888 "POST /User/register/ HTTP/1.1" 500 147574
INFO 2025-09-06 01:25:21,881 basehttp 14364 11716 "GET /User/login/ HTTP/1.1" 200 2848
INFO 2025-09-06 01:25:28,500 autoreload 14364 18204 C:\Users\hp\Labs_SoftWare-Engineering\Lab6\School\School\urls.py changed, reloading.
INFO 2025-09-06 01:25:30,608 autoreload 4396 17540 Watching for file changes with StatReloader
WARNING 2025-09-06 01:25:35,933 base 4396 17816 Session data corrupted
ERROR 2025-09-06 01:25:36,063 log 4396 17816 Internal Server Error: /User/login/
Traceback (most recent call last):
  File "C:\Users\hp\AppData\Local\Programs\Python\Python313\Lib\site-packages\django\db\backends\utils.py", line 105, in _execute
    return self.cursor.execute(sql, params)
           ~~~~~~~~~~~~~~~~~~~^^^^^^^^^^^^^
  File "C:\Users\hp\AppData\Local\Programs\Python\Python313\Lib\site-packages\django\db\backends\sqlite3\base.py", line 360, in execute
    return super().execute(query, params)
           ~~~~~~~~~~~~~~~^^^^^^^^^^^^^^^
sqlite3.OperationalError: no such table: core_user

The above exception was the direct cause of the following exception:

Traceback (most recent call last):
  File "C:\Users\hp\AppData\Local\Programs\Python\Python313\Lib\site-packages\django\core\handlers\exception.py", line 55, in inner
    response = get_response(request)
  File "C:\Users\hp\AppData\Local\Programs\Python\Python313\Lib\site-packages\django\core\handlers\base.py", line 197, in _get_response
    response = wrapped_callback(request, *callback_args, **callback_kwargs)
  File "C:\Users\hp\Labs_SoftWare-Engineering\Lab6\School\User\views.py", line 12, in UserLogin
    user = authenticate(request, username=username, password=password)
  File "C:\Users\hp\AppData\Local\Programs\Python\Python313\Lib\site-packages\django\views\decorators\debug.py", line 75, in sensitive_variables_wrapper
    return func(*func_args, **func_kwargs)
  File "C:\Users\hp\AppData\Local\Programs\Python\Python313\Lib\site-packages\django\contrib\auth\__init__.py", line 114, in authenticate
    user = backend.authenticate(request, **credentials)
  File "C:\Users\hp\AppData\Local\Programs\Python\Python313\Lib\site-packages\django\contrib\auth\backends.py", line 65, in authenticate
    user = UserModel._default_manager.get_by_natural_key(username)
  File "C:\Users\hp\AppData\Local\Programs\Python\Python313\Lib\site-packages\django\contrib\auth\base_user.py", line 37, in get_by_natural_key
    return self.get(**{self.model.USERNAME_FIELD: username})
           ~~~~~~~~^^^^^^^^^^^^^^^^^^^^^^^^^^^^^^^^^^^^^^^^^
  File "C:\Users\hp\AppData\Local\Programs\Python\Python313\Lib\site-packages\django\db\models\manager.py", line 87, in manager_method
    return getattr(self.get_queryset(), name)(*args, **kwargs)
           ~~~~~~~~~~~~~~~~~~~~~~~~~~~~~~~~~~^^^^^^^^^^^^^^^^^
  File "C:\Users\hp\AppData\Local\Programs\Python\Python313\Lib\site-packages\django\db\models\query.py", line 629, in get
    num = len(clone)
  File "C:\Users\hp\AppData\Local\Programs\Python\Python313\Lib\site-packages\django\db\models\query.py", line 366, in __len__
    self._fetch_all()
    ~~~~~~~~~~~~~~~^^
  File "C:\Users\hp\AppData\Local\Programs\Python\Python313\Lib\site-packages\django\db\models\query.py", line 1949, in _fetch_all
    self._result_cache = list(self._iterable_class(self))
                         ~~~~^^^^^^^^^^^^^^^^^^^^^^^^^^^^
  File "C:\Users\hp\AppData\Local\Programs\Python\Python313\Lib\site-packages\django\db\models\query.py", line 91, in __iter__
    results = compiler.execute_sql(
        chunked_fetch=self.chunked_fetch, chunk_size=self.chunk_size
    )
  File "C:\Users\hp\AppData\Local\Programs\Python\Python313\Lib\site-packages\django\db\models\sql\compiler.py", line 1623, in execute_sql
    cursor.execute(sql, params)
    ~~~~~~~~~~~~~~^^^^^^^^^^^^^
  File "C:\Users\hp\AppData\Local\Programs\Python\Python313\Lib\site-packages\django\db\backends\utils.py", line 122, in execute
    return super().execute(sql, params)
           ~~~~~~~~~~~~~~~^^^^^^^^^^^^^
  File "C:\Users\hp\AppData\Local\Programs\Python\Python313\Lib\site-packages\django\db\backends\utils.py", line 79, in execute
    return self._execute_with_wrappers(
           ~~~~~~~~~~~~~~~~~~~~~~~~~~~^
        sql, params, many=False, executor=self._execute
        ^^^^^^^^^^^^^^^^^^^^^^^^^^^^^^^^^^^^^^^^^^^^^^^
    )
    ^
  File "C:\Users\hp\AppData\Local\Programs\Python\Python313\Lib\site-packages\django\db\backends\utils.py", line 92, in _execute_with_wrappers
    return executor(sql, params, many, context)
  File "C:\Users\hp\AppData\Local\Programs\Python\Python313\Lib\site-packages\django\db\backends\utils.py", line 100, in _execute
    with self.db.wrap_database_errors:
         ^^^^^^^^^^^^^^^^^^^^^^^^^^^^
  File "C:\Users\hp\AppData\Local\Programs\Python\Python313\Lib\site-packages\django\db\utils.py", line 91, in __exit__
    raise dj_exc_value.with_traceback(traceback) from exc_value
  File "C:\Users\hp\AppData\Local\Programs\Python\Python313\Lib\site-packages\django\db\backends\utils.py", line 105, in _execute
    return self.cursor.execute(sql, params)
           ~~~~~~~~~~~~~~~~~~~^^^^^^^^^^^^^
  File "C:\Users\hp\AppData\Local\Programs\Python\Python313\Lib\site-packages\django\db\backends\sqlite3\base.py", line 360, in execute
    return super().execute(query, params)
           ~~~~~~~~~~~~~~~^^^^^^^^^^^^^^^
django.db.utils.OperationalError: no such table: core_user
ERROR 2025-09-06 01:25:36,077 basehttp 4396 17816 "POST /User/login/ HTTP/1.1" 500 161436
INFO 2025-09-06 01:26:18,592 autoreload 4396 17540 C:\Users\hp\Labs_SoftWare-Engineering\Lab6\School\School\settings.py changed, reloading.
INFO 2025-09-06 01:26:21,140 autoreload 14040 9036 Watching for file changes with StatReloader
INFO 2025-09-06 01:26:54,908 autoreload 14040 9036 C:\Users\hp\Labs_SoftWare-Engineering\Lab6\School\School\settings.py changed, reloading.
INFO 2025-09-06 01:26:57,956 autoreload 13764 2140 Watching for file changes with StatReloader
INFO 2025-09-06 01:32:30,908 autoreload 6496 4072 Watching for file changes with StatReloader
INFO 2025-09-06 01:32:52,912 basehttp 6496 11060 "GET / HTTP/1.1" 302 0
INFO 2025-09-06 01:32:52,967 basehttp 6496 11060 "GET /Student/ HTTP/1.1" 200 6085
INFO 2025-09-06 01:33:07,773 basehttp 6496 11060 "GET /Student/show/ HTTP/1.1" 302 0
INFO 2025-09-06 01:33:07,791 basehttp 6496 11060 "GET /User/login/?next=/Student/show/ HTTP/1.1" 200 2848
INFO 2025-09-06 01:33:11,641 basehttp 6496 11060 "GET /Teacher/show/ HTTP/1.1" 302 0
INFO 2025-09-06 01:33:11,654 basehttp 6496 11060 "GET /User/login/?next=/Teacher/show/ HTTP/1.1" 200 2848
INFO 2025-09-06 01:33:16,741 basehttp 6496 11060 "GET /Student/show/ HTTP/1.1" 302 0
INFO 2025-09-06 01:33:16,753 basehttp 6496 11060 "GET /User/login/?next=/Student/show/ HTTP/1.1" 200 2848
INFO 2025-09-06 01:33:23,744 basehttp 6496 11060 "GET /User/register/ HTTP/1.1" 200 3989
INFO 2025-09-06 01:33:49,032 basehttp 6496 11060 "POST /User/register/ HTTP/1.1" 302 0
INFO 2025-09-06 01:33:49,044 basehttp 6496 11060 "GET /User/login/ HTTP/1.1" 200 3044
INFO 2025-09-06 01:34:02,580 basehttp 6496 11060 "POST /User/login/ HTTP/1.1" 302 0
INFO 2025-09-06 01:34:02,594 basehttp 6496 11060 "GET /Student/ HTTP/1.1" 200 6085
INFO 2025-09-06 01:34:05,477 basehttp 6496 11060 "GET /Student/show/ HTTP/1.1" 200 2034
INFO 2025-09-06 01:34:08,219 basehttp 6496 11060 "GET /Student/add/ HTTP/1.1" 200 3462
INFO 2025-09-06 01:36:10,544 basehttp 6496 11060 "POST /Student/add/ HTTP/1.1" 200 1305
INFO 2025-09-06 01:36:13,238 basehttp 6496 11060 "GET /Student/ HTTP/1.1" 200 6085
INFO 2025-09-06 01:36:27,699 basehttp 6496 11060 "GET /Student/show/ HTTP/1.1" 200 2367
INFO 2025-09-06 01:36:31,871 basehttp 6496 11060 "GET /Student/edit/1 HTTP/1.1" 200 3657
INFO 2025-09-06 01:36:37,632 basehttp 6496 11060 "GET /Student/show/ HTTP/1.1" 200 2367
INFO 2025-09-06 01:36:39,209 basehttp 6496 11060 "GET /Student/delete/1 HTTP/1.1" 200 2345
INFO 2025-09-06 01:36:42,779 basehttp 6496 11060 "GET /Student/show/ HTTP/1.1" 200 2367
INFO 2025-09-06 01:36:45,066 basehttp 6496 11060 "GET /Student/ HTTP/1.1" 200 6085
INFO 2025-09-06 01:36:48,439 basehttp 6496 11060 "GET /Teacher/show/ HTTP/1.1" 200 2019
INFO 2025-09-06 01:36:50,165 basehttp 6496 11060 "GET /Teacher/AddTeacher/ HTTP/1.1" 200 2849
INFO 2025-09-06 01:37:17,920 basehttp 6496 11060 "POST /Teacher/AddTeacher/ HTTP/1.1" 200 1305
INFO 2025-09-06 01:37:20,088 basehttp 6496 11060 "GET /Student/ HTTP/1.1" 200 6085
INFO 2025-09-06 01:37:22,118 basehttp 6496 11060 "GET /Teacher/show/ HTTP/1.1" 200 2364
INFO 2025-09-06 01:37:28,296 basehttp 6496 11060 "GET /Student/ HTTP/1.1" 200 6085
INFO 2025-09-06 01:39:14,368 basehttp 6496 11060 "GET /Teacher/show/ HTTP/1.1" 200 2364
INFO 2025-09-06 01:39:16,662 basehttp 6496 11060 "GET /Teacher/EditTeacher/1 HTTP/1.1" 200 3031
INFO 2025-09-06 01:39:25,026 basehttp 6496 11060 "GET /Teacher/show/ HTTP/1.1" 200 2364
INFO 2025-09-06 01:39:26,931 basehttp 6496 11060 "GET /Teacher/DeleteTeacher/1 HTTP/1.1" 200 1304
INFO 2025-09-06 01:39:34,857 basehttp 6496 11060 "GET /Teacher/show/ HTTP/1.1" 200 2019
INFO 2025-09-06 01:39:37,584 basehttp 6496 11060 "GET /Teacher/AddTeacher/ HTTP/1.1" 200 2849
INFO 2025-09-06 01:39:58,307 basehttp 6496 11060 "POST /Teacher/AddTeacher/ HTTP/1.1" 200 1305
INFO 2025-09-06 01:40:00,829 basehttp 6496 11060 "GET /Student/ HTTP/1.1" 200 6085
INFO 2025-09-06 01:40:03,471 basehttp 6496 11060 "GET /Teacher/show/ HTTP/1.1" 200 2364
INFO 2025-09-06 01:40:07,110 basehttp 6496 11060 "GET /Student/ HTTP/1.1" 200 6085
INFO 2025-09-06 01:40:10,003 basehttp 6496 11060 "GET /User/login/ HTTP/1.1" 200 3044
INFO 2025-09-06 01:41:53,163 basehttp 6496 11060 "GET /Student/ HTTP/1.1" 200 6085
INFO 2025-09-06 01:41:53,733 basehttp 6496 11060 "GET /Student/ HTTP/1.1" 200 6085
INFO 2025-09-06 01:41:56,718 basehttp 6496 11060 "GET /Teacher/show/ HTTP/1.1" 200 2392
INFO 2025-09-06 01:42:07,282 basehttp 6496 11060 "GET /Teacher/AddTeacher/ HTTP/1.1" 200 2849
INFO 2025-09-06 01:42:29,427 basehttp 6496 11060 "POST /Teacher/AddTeacher/ HTTP/1.1" 200 1305
INFO 2025-09-06 01:42:31,170 basehttp 6496 11060 "GET /Student/ HTTP/1.1" 200 6085
INFO 2025-09-06 01:42:33,684 basehttp 6496 11060 "GET /Teacher/show/ HTTP/1.1" 200 2759
INFO 2025-09-06 01:43:43,785 autoreload 10680 8724 Watching for file changes with StatReloader
INFO 2025-09-06 01:44:12,612 basehttp 6496 11060 "GET / HTTP/1.1" 302 0
INFO 2025-09-06 01:44:12,776 basehttp 6496 11060 "GET /Student/ HTTP/1.1" 200 6085
INFO 2025-09-06 01:44:19,094 basehttp 6496 11060 "GET /Student/ HTTP/1.1" 200 6085
INFO 2025-09-06 01:44:23,423 basehttp 6496 11060 "GET /Teacher/show/ HTTP/1.1" 200 2759
INFO 2025-09-06 01:45:52,767 basehttp 6496 11060 "GET /Teacher/AddTeacher/ HTTP/1.1" 200 2969
INFO 2025-09-06 01:46:23,716 basehttp 6496 11060 "POST /Teacher/AddTeacher/ HTTP/1.1" 200 1305
INFO 2025-09-06 01:46:26,612 basehttp 6496 11060 "GET /Student/ HTTP/1.1" 200 6085
INFO 2025-09-06 01:46:28,673 basehttp 6496 11060 "GET /Teacher/show/ HTTP/1.1" 200 3140
INFO 2025-09-06 01:47:09,268 basehttp 6496 11060 "GET /Teacher/EditTeacher/2 HTTP/1.1" 200 3031
INFO 2025-09-06 01:47:10,857 basehttp 6496 11060 "GET /Teacher/show/ HTTP/1.1" 200 3140
INFO 2025-09-06 01:47:12,393 basehttp 6496 11060 "GET /Teacher/EditTeacher/4 HTTP/1.1" 200 2917
INFO 2025-09-06 01:48:07,187 basehttp 6496 11060 "GET /Student/ HTTP/1.1" 200 6085
INFO 2025-09-06 01:48:14,036 basehttp 6496 11060 "GET /User/login/ HTTP/1.1" 200 2848
INFO 2025-09-06 01:48:29,866 basehttp 6496 11060 "POST /User/login/ HTTP/1.1" 302 0
INFO 2025-09-06 01:48:29,873 basehttp 6496 11060 "GET /Student/ HTTP/1.1" 200 6085
INFO 2025-09-06 01:48:31,539 autoreload 6496 4072 C:\Users\hp\Labs_SoftWare-Engineering\Lab6\School\School\urls.py changed, reloading.
INFO 2025-09-06 01:48:31,570 autoreload 10680 8724 C:\Users\hp\Labs_SoftWare-Engineering\Lab6\School\School\urls.py changed, reloading.
INFO 2025-09-06 01:48:34,636 autoreload 10484 6896 Watching for file changes with StatReloader
INFO 2025-09-06 01:48:34,697 autoreload 6676 9940 Watching for file changes with StatReloader
WARNING 2025-09-06 01:48:35,142 base 10484 15732 Session data corrupted
INFO 2025-09-06 01:48:35,155 basehttp 10484 15732 "GET /Teacher/show/ HTTP/1.1" 302 0
INFO 2025-09-06 01:48:35,180 basehttp 10484 15732 "GET /User/login/?next=/Teacher/show/ HTTP/1.1" 200 2848
INFO 2025-09-06 01:48:49,708 basehttp 10484 15732 "POST /User/login/?next=/Teacher/show/ HTTP/1.1" 200 3072
INFO 2025-09-06 01:49:23,026 autoreload 16948 17560 Watching for file changes with StatReloader
INFO 2025-09-06 01:49:43,374 basehttp 16948 248 "GET / HTTP/1.1" 302 0
INFO 2025-09-06 01:49:43,417 basehttp 16948 248 "GET /Student/ HTTP/1.1" 200 6085
WARNING 2025-09-06 01:49:47,530 base 16948 248 Session data corrupted
INFO 2025-09-06 01:49:47,536 basehttp 16948 248 "GET /Teacher/show/ HTTP/1.1" 302 0
INFO 2025-09-06 01:49:47,560 basehttp 16948 248 "GET /User/login/?next=/Teacher/show/ HTTP/1.1" 200 2848
WARNING 2025-09-06 01:49:58,824 base 16948 248 Session data corrupted
INFO 2025-09-06 01:49:58,886 basehttp 16948 248 "POST /User/login/?next=/Teacher/show/ HTTP/1.1" 302 0
INFO 2025-09-06 01:49:58,894 basehttp 16948 248 "GET /Student/ HTTP/1.1" 200 6085
INFO 2025-09-06 01:50:00,930 basehttp 16948 248 "GET /Teacher/show/ HTTP/1.1" 200 3140
INFO 2025-09-06 01:50:04,538 basehttp 16948 248 "GET /Teacher/AddTeacher/ HTTP/1.1" 200 2849
INFO 2025-09-06 01:50:30,123 basehttp 16948 248 "POST /Teacher/AddTeacher/ HTTP/1.1" 200 1305
INFO 2025-09-06 01:50:31,514 basehttp 16948 248 "GET /Student/ HTTP/1.1" 200 6085
INFO 2025-09-06 01:50:33,196 basehttp 16948 248 "GET /Teacher/show/ HTTP/1.1" 200 3530
INFO 2025-09-06 01:50:41,335 basehttp 16948 248 "GET /Student/ HTTP/1.1" 200 6085
INFO 2025-09-06 01:50:43,429 basehttp 16948 248 "GET /Student/ HTTP/1.1" 200 6085
INFO 2025-09-06 01:50:46,327 basehttp 16948 248 "GET /Student/show/ HTTP/1.1" 200 2401
INFO 2025-09-06 01:50:48,347 basehttp 16948 248 "GET /Student/add/ HTTP/1.1" 200 3582
INFO 2025-09-06 01:51:14,064 basehttp 16948 248 "POST /Student/add/ HTTP/1.1" 200 1305
INFO 2025-09-06 01:51:15,635 basehttp 16948 248 "GET /Student/ HTTP/1.1" 200 6085
INFO 2025-09-06 01:51:18,204 basehttp 16948 248 "GET /Student/show/ HTTP/1.1" 200 2768
INFO 2025-09-06 01:52:01,614 basehttp 16948 248 "GET /Student/ HTTP/1.1" 200 6085
INFO 2025-09-06 01:52:07,283 basehttp 16948 248 "GET /Student/show/ HTTP/1.1" 200 2768
INFO 2025-09-06 01:52:19,358 autoreload 16948 17560 C:\Users\hp\Labs_SoftWare-Engineering\Lab6\School\School\urls.py changed, reloading.
INFO 2025-09-06 01:52:21,977 autoreload 1884 17504 Watching for file changes with StatReloader
INFO 2025-09-06 01:54:38,712 autoreload 6812 4404 Watching for file changes with StatReloader
INFO 2025-09-06 01:55:16,759 basehttp 6812 10096 "GET / HTTP/1.1" 302 0
INFO 2025-09-06 01:55:16,806 basehttp 6812 10096 "GET /Student/ HTTP/1.1" 200 6085
WARNING 2025-09-06 01:55:27,072 base 6812 10096 Session data corrupted
INFO 2025-09-06 01:55:27,077 basehttp 6812 10096 "GET /Student/show/ HTTP/1.1" 302 0
INFO 2025-09-06 01:55:27,099 basehttp 6812 10096 "GET /User/login/?next=/Student/show/ HTTP/1.1" 200 2848
WARNING 2025-09-06 01:55:40,050 base 6812 10096 Session data corrupted
INFO 2025-09-06 01:55:40,102 basehttp 6812 10096 "POST /User/login/?next=/Student/show/ HTTP/1.1" 302 0
INFO 2025-09-06 01:55:40,111 basehttp 6812 10096 "GET /Student/ HTTP/1.1" 200 6085
INFO 2025-09-06 01:55:42,650 basehttp 6812 10096 "GET /Student/show/ HTTP/1.1" 200 2768
INFO 2025-09-06 01:55:47,128 basehttp 6812 10096 "GET /Student/add/ HTTP/1.1" 200 3462
INFO 2025-09-06 01:56:59,535 basehttp 6812 10096 "POST /Student/add/ HTTP/1.1" 200 1305
INFO 2025-09-06 01:57:01,381 basehttp 6812 10096 "GET /Student/ HTTP/1.1" 200 6085
INFO 2025-09-06 01:57:09,109 basehttp 6812 10096 "GET /Student/show/ HTTP/1.1" 200 3147
INFO 2025-09-06 01:57:36,430 basehttp 6812 10096 "GET /Teacher/show/ HTTP/1.1" 200 3530
INFO 2025-09-06 01:57:46,267 basehttp 6812 10096 "GET /Teacher/EditTeacher/5 HTTP/1.1" 200 3037
INFO 2025-09-06 01:57:48,651 basehttp 6812 10096 "GET /Teacher/show/ HTTP/1.1" 200 3530
INFO 2025-09-06 01:57:53,429 basehttp 6812 10096 "GET /Teacher/AddTeacher/ HTTP/1.1" 200 2849
INFO 2025-09-06 01:58:16,826 basehttp 6812 10096 "POST /Teacher/AddTeacher/ HTTP/1.1" 200 1305
INFO 2025-09-06 01:58:18,274 basehttp 6812 10096 "GET /Student/ HTTP/1.1" 200 6085
INFO 2025-09-06 01:58:19,612 basehttp 6812 10096 "GET /Teacher/show/ HTTP/1.1" 200 3913
INFO 2025-09-06 02:03:03,104 basehttp 6812 10096 "GET /Teacher/DeleteTeacher/6 HTTP/1.1" 200 1304
INFO 2025-09-06 02:03:05,234 basehttp 6812 10096 "GET /Student/ HTTP/1.1" 200 6085
INFO 2025-09-06 02:03:18,488 basehttp 6812 10096 "GET /Student/show/ HTTP/1.1" 200 3147
INFO 2025-09-06 02:03:20,993 basehttp 6812 10096 "GET /Student/ HTTP/1.1" 200 6085
INFO 2025-09-06 02:03:21,902 basehttp 6812 10096 "GET /Teacher/show/ HTTP/1.1" 200 3530
INFO 2025-09-06 02:03:26,799 basehttp 6812 10096 "GET /User/login/ HTTP/1.1" 200 3044
INFO 2025-09-06 02:03:35,658 basehttp 6812 10096 "GET /User/register/ HTTP/1.1" 200 3989
INFO 2025-09-06 02:03:50,789 autoreload 6812 4404 C:\Users\hp\Labs_SoftWare-Engineering\Lab6\School\User\models.py changed, reloading.
INFO 2025-09-06 02:03:53,874 autoreload 16220 16648 Watching for file changes with StatReloader
INFO 2025-09-06 02:04:39,828 autoreload 16220 16648 C:\Users\hp\Labs_SoftWare-Engineering\Lab6\School\User\views.py changed, reloading.
INFO 2025-09-06 02:04:42,754 autoreload 7368 5136 Watching for file changes with StatReloader
INFO 2025-09-06 02:05:23,779 autoreload 7368 5136 C:\Users\hp\Labs_SoftWare-Engineering\Lab6\School\User\urls.py changed, reloading.
INFO 2025-09-06 02:05:26,465 autoreload 1944 3352 Watching for file changes with StatReloader
INFO 2025-09-06 02:06:57,631 autoreload 2144 7568 Watching for file changes with StatReloader
INFO 2025-09-06 02:07:01,783 basehttp 1944 4944 "GET /Student/ HTTP/1.1" 200 5854
WARNING 2025-09-06 02:07:05,710 base 1944 4944 Session data corrupted
INFO 2025-09-06 02:07:05,713 basehttp 1944 4944 "GET /Teacher/show/ HTTP/1.1" 302 0
INFO 2025-09-06 02:07:05,730 basehttp 1944 4944 "GET /User/login/?next=/Teacher/show/ HTTP/1.1" 200 2848
WARNING 2025-09-06 02:07:20,489 base 1944 4944 Session data corrupted
INFO 2025-09-06 02:07:20,491 basehttp 1944 4944 "GET /Teacher/show/ HTTP/1.1" 302 0
INFO 2025-09-06 02:07:20,502 basehttp 1944 4944 "GET /User/login/?next=/Teacher/show/ HTTP/1.1" 200 2848
WARNING 2025-09-06 02:07:35,728 base 1944 4944 Session data corrupted
INFO 2025-09-06 02:07:35,791 basehttp 1944 4944 "POST /User/login/?next=/Teacher/show/ HTTP/1.1" 302 0
INFO 2025-09-06 02:07:35,804 basehttp 1944 4944 "GET /Student/ HTTP/1.1" 200 5854
INFO 2025-09-06 02:07:37,742 basehttp 1944 4944 "GET /Teacher/show/ HTTP/1.1" 200 3530
INFO 2025-09-06 02:07:44,605 basehttp 1944 4944 "GET /Student/ HTTP/1.1" 200 5854
INFO 2025-09-06 02:07:50,122 basehttp 1944 4944 "GET /Student/show/ HTTP/1.1" 200 3147
INFO 2025-09-06 02:07:56,551 basehttp 1944 4944 "GET /User/login/ HTTP/1.1" 200 2848
INFO 2025-09-06 02:08:02,891 basehttp 1944 4944 "GET / HTTP/1.1" 302 0
INFO 2025-09-06 02:08:02,956 basehttp 1944 4944 "GET /Student/ HTTP/1.1" 200 5854
INFO 2025-09-06 02:08:10,817 basehttp 1944 4944 "GET /Teacher/show/ HTTP/1.1" 200 3530
INFO 2025-09-06 02:08:16,030 basehttp 1944 4944 "GET /User/login/ HTTP/1.1" 200 2848
INFO 2025-09-06 02:08:28,662 basehttp 1944 4944 "POST /User/login/ HTTP/1.1" 302 0
INFO 2025-09-06 02:08:28,669 basehttp 1944 4944 "GET /Student/ HTTP/1.1" 200 5854
INFO 2025-09-06 02:08:31,060 basehttp 1944 4944 "GET /Teacher/show/ HTTP/1.1" 200 3530
INFO 2025-09-06 02:08:38,012 basehttp 1944 4944 "GET /Student/show/ HTTP/1.1" 200 3147
INFO 2025-09-06 02:18:55,524 autoreload 2144 7568 C:\Users\hp\Labs_SoftWare-Engineering\Lab6\School\User\models.py changed, reloading.
INFO 2025-09-06 02:18:55,746 autoreload 1944 3352 C:\Users\hp\Labs_SoftWare-Engineering\Lab6\School\User\models.py changed, reloading.
INFO 2025-09-06 02:18:59,815 autoreload 16648 4000 Watching for file changes with StatReloader
INFO 2025-09-06 02:18:59,815 autoreload 8816 5868 Watching for file changes with StatReloader
INFO 2025-09-06 02:20:22,955 autoreload 8816 5868 C:\Users\hp\Labs_SoftWare-Engineering\Lab6\School\User\models.py changed, reloading.
INFO 2025-09-06 02:20:22,962 autoreload 16648 4000 C:\Users\hp\Labs_SoftWare-Engineering\Lab6\School\User\models.py changed, reloading.
INFO 2025-09-06 02:20:25,126 autoreload 17412 13340 Watching for file changes with StatReloader
INFO 2025-09-06 02:20:25,146 autoreload 15332 940 Watching for file changes with StatReloader
INFO 2025-09-06 02:23:29,100 autoreload 15332 940 C:\Users\hp\Labs_SoftWare-Engineering\Lab6\School\User\views.py changed, reloading.
INFO 2025-09-06 02:23:29,615 autoreload 17412 13340 C:\Users\hp\Labs_SoftWare-Engineering\Lab6\School\User\views.py changed, reloading.
INFO 2025-09-06 02:23:34,098 autoreload 7508 9884 Watching for file changes with StatReloader
INFO 2025-09-06 02:23:34,815 autoreload 14772 11984 Watching for file changes with StatReloader
INFO 2025-09-06 02:27:35,286 basehttp 7508 18428 "GET / HTTP/1.1" 302 0
INFO 2025-09-06 02:27:35,358 basehttp 7508 18428 "GET /Student/ HTTP/1.1" 200 5854
INFO 2025-09-06 02:27:43,884 basehttp 7508 4268 "GET /Student/ HTTP/1.1" 200 5854
INFO 2025-09-06 02:27:50,915 basehttp 7508 11144 "GET / HTTP/1.1" 302 0
INFO 2025-09-06 02:27:50,927 basehttp 7508 11144 "GET /Student/ HTTP/1.1" 200 5854
WARNING 2025-09-06 02:27:51,319 log 7508 11144 Not Found: /favicon.ico
WARNING 2025-09-06 02:27:51,321 basehttp 7508 11144 "GET /favicon.ico HTTP/1.1" 404 3140
INFO 2025-09-06 02:27:59,363 basehttp 7508 12192 "GET /Teacher/show/ HTTP/1.1" 302 0
INFO 2025-09-06 02:27:59,380 basehttp 7508 12192 "GET /User/login/?next=/Teacher/show/ HTTP/1.1" 200 2848
INFO 2025-09-06 02:28:11,456 basehttp 7508 12524 "POST /User/login/?next=/Teacher/show/ HTTP/1.1" 302 0
INFO 2025-09-06 02:28:11,462 basehttp 7508 12524 "GET /Student/ HTTP/1.1" 200 5854
INFO 2025-09-06 02:28:13,659 basehttp 7508 12524 "GET /Teacher/show/ HTTP/1.1" 200 3656
INFO 2025-09-06 02:28:21,540 basehttp 7508 2156 "GET /Student/ HTTP/1.1" 200 5854
INFO 2025-09-06 02:28:23,035 basehttp 7508 2156 "GET /User/login/?next=/Teacher/show/ HTTP/1.1" 200 2848
INFO 2025-09-06 02:28:29,050 basehttp 7508 3908 "GET /Student/show/ HTTP/1.1" 200 3273
INFO 2025-09-06 02:28:32,733 basehttp 7508 3908 "GET /Student/edit/1 HTTP/1.1" 200 3663
INFO 2025-09-06 02:28:37,802 basehttp 7508 15760 "GET /Student/delete/3 HTTP/1.1" 200 2349
INFO 2025-09-06 02:28:42,712 basehttp 7508 15760 "GET /Student/show/ HTTP/1.1" 200 3273
INFO 2025-09-06 02:28:48,256 basehttp 7508 14264 "GET /Student/ HTTP/1.1" 200 5854
INFO 2025-09-06 02:34:20,466 autoreload 15608 18056 Watching for file changes with StatReloader
INFO 2025-09-06 02:34:23,729 basehttp 7508 2708 "GET / HTTP/1.1" 302 0
INFO 2025-09-06 02:34:23,750 basehttp 7508 2708 "GET /Student/ HTTP/1.1" 200 5854
INFO 2025-09-06 02:34:28,080 basehttp 7508 2708 "GET /Student/show/ HTTP/1.1" 302 0
INFO 2025-09-06 02:34:28,095 basehttp 7508 2708 "GET /User/login/?next=/Student/show/ HTTP/1.1" 200 2848
INFO 2025-09-06 02:34:44,143 basehttp 7508 2708 "POST /User/login/?next=/Student/show/ HTTP/1.1" 302 0
INFO 2025-09-06 02:34:44,150 basehttp 7508 2708 "GET /Student/ HTTP/1.1" 200 5854
INFO 2025-09-06 02:34:46,649 basehttp 7508 2708 "GET /Student/show/ HTTP/1.1" 200 3273
INFO 2025-09-06 02:34:58,239 basehttp 7508 2708 "GET /Student/ HTTP/1.1" 200 5854
INFO 2025-09-06 02:35:01,174 basehttp 7508 2708 "GET /Teacher/show/ HTTP/1.1" 200 3656
INFO 2025-09-06 20:17:18,543 autoreload 9200 8692 Watching for file changes with StatReloader
INFO 2025-09-06 20:17:29,870 basehttp 9200 6552 "GET / HTTP/1.1" 302 0
INFO 2025-09-06 20:17:30,014 basehttp 9200 6552 "GET /Student/ HTTP/1.1" 200 5854
WARNING 2025-09-06 20:17:32,324 log 9200 6552 Not Found: /favicon.ico
WARNING 2025-09-06 20:17:32,326 basehttp 9200 6552 "GET /favicon.ico HTTP/1.1" 404 3140
INFO 2025-09-06 20:17:34,704 basehttp 9200 6552 "GET /Teacher/show/ HTTP/1.1" 302 0
INFO 2025-09-06 20:17:34,760 basehttp 9200 6552 "GET /User/login/?next=/Teacher/show/ HTTP/1.1" 200 2018
WARNING 2025-09-06 20:17:34,930 basehttp 9200 6552 "GET /static/styles.css HTTP/1.1" 404 1957
WARNING 2025-09-06 20:17:35,369 basehttp 9200 11872 "GET /static/favicon.ico HTTP/1.1" 404 1960
INFO 2025-09-06 20:17:44,134 basehttp 9200 4280 "GET /User/register/ HTTP/1.1" 200 2577
WARNING 2025-09-06 20:17:44,257 basehttp 9200 4280 "GET /static/styles.css HTTP/1.1" 404 1957
INFO 2025-09-06 20:25:06,162 basehttp 9200 15048 "GET /User/register/ HTTP/1.1" 200 2577
INFO 2025-09-06 20:25:06,715 basehttp 9200 15048 "GET /static/styles.css HTTP/1.1" 200 7578
INFO 2025-09-06 20:25:39,432 basehttp 9200 15048 "GET /User/login/ HTTP/1.1" 200 2018
INFO 2025-09-06 20:25:39,708 basehttp 9200 15048 "GET /static/styles.css HTTP/1.1" 304 0
INFO 2025-09-06 20:25:43,452 basehttp 9200 15048 "GET /User/register/ HTTP/1.1" 200 2577
INFO 2025-09-06 20:25:46,622 basehttp 9200 15048 "GET /User/login/ HTTP/1.1" 200 2018
INFO 2025-09-06 20:25:46,744 basehttp 9200 15048 "GET /static/styles.css HTTP/1.1" 304 0
INFO 2025-09-06 20:25:52,387 autoreload 5336 18380 Watching for file changes with StatReloader
WARNING 2025-09-06 20:26:03,766 log 9200 15048 Forbidden (Origin checking failed - http://127.0.0.1:23995 does not match any trusted origins.): /User/login/
WARNING 2025-09-06 20:26:03,768 basehttp 9200 15048 "POST /User/login/ HTTP/1.1" 403 2581
WARNING 2025-09-06 20:26:15,286 log 9200 15048 Forbidden (Origin checking failed - http://127.0.0.1:23995 does not match any trusted origins.): /User/login/
WARNING 2025-09-06 20:26:15,287 basehttp 9200 15048 "POST /User/login/ HTTP/1.1" 403 2581
WARNING 2025-09-06 20:26:47,880 log 9200 15048 Forbidden (Origin checking failed - http://127.0.0.1:23995 does not match any trusted origins.): /User/login/
WARNING 2025-09-06 20:26:47,881 basehttp 9200 15048 "POST /User/login/ HTTP/1.1" 403 2581
INFO 2025-09-06 20:27:04,104 basehttp 9200 15048 "GET /Teacher/show/ HTTP/1.1" 302 0
INFO 2025-09-06 20:27:04,123 basehttp 9200 15048 "GET /User/login/?next=/Teacher/show/ HTTP/1.1" 200 2018
INFO 2025-09-06 20:27:04,243 basehttp 9200 15048 "GET /static/styles.css HTTP/1.1" 304 0
INFO 2025-09-06 20:27:08,691 basehttp 9200 15048 "GET /Student/ HTTP/1.1" 200 5854
INFO 2025-09-06 20:27:18,897 basehttp 9200 15048 "GET /Student/show/ HTTP/1.1" 302 0
INFO 2025-09-06 20:27:18,956 basehttp 9200 15048 "GET /User/login/?next=/Student/show/ HTTP/1.1" 200 2018
INFO 2025-09-06 20:27:44,347 basehttp 9200 15048 "GET /User/register/ HTTP/1.1" 200 2577
INFO 2025-09-06 20:27:44,425 basehttp 9200 15048 "GET /static/styles.css HTTP/1.1" 304 0
WARNING 2025-09-06 20:28:07,466 log 9200 15048 Forbidden (Origin checking failed - http://127.0.0.1:23995 does not match any trusted origins.): /User/register/
WARNING 2025-09-06 20:28:07,471 basehttp 9200 15048 "POST /User/register/ HTTP/1.1" 403 2581
INFO 2025-09-06 20:28:58,054 basehttp 9200 15048 "GET /User/login/ HTTP/1.1" 200 2018
INFO 2025-09-06 20:28:58,145 basehttp 9200 15048 "GET /static/styles.css HTTP/1.1" 304 0
WARNING 2025-09-06 20:29:07,637 log 9200 15048 Forbidden (Origin checking failed - http://127.0.0.1:23995 does not match any trusted origins.): /User/login/
WARNING 2025-09-06 20:29:07,638 basehttp 9200 15048 "POST /User/login/ HTTP/1.1" 403 2581
INFO 2025-09-06 20:29:23,643 autoreload 8772 17012 Watching for file changes with StatReloader
INFO 2025-09-06 20:30:14,403 autoreload 5336 18380 C:\Users\hp\Labs_SoftWare-Engineering\Lab6\School\School\settings.py changed, reloading.
INFO 2025-09-06 20:30:14,604 autoreload 9200 8692 C:\Users\hp\Labs_SoftWare-Engineering\Lab6\School\School\settings.py changed, reloading.
INFO 2025-09-06 20:30:15,342 autoreload 8772 17012 C:\Users\hp\Labs_SoftWare-Engineering\Lab6\School\School\settings.py changed, reloading.
INFO 2025-09-06 20:30:21,037 autoreload 6692 10296 Watching for file changes with StatReloader
INFO 2025-09-06 20:30:22,742 autoreload 14720 12100 Watching for file changes with StatReloader
INFO 2025-09-06 20:30:23,189 autoreload 11740 20180 Watching for file changes with StatReloader
INFO 2025-09-06 20:30:57,077 autoreload 12916 14316 Watching for file changes with StatReloader
INFO 2025-09-06 20:31:48,533 autoreload 14776 17912 Watching for file changes with StatReloader
INFO 2025-09-06 20:32:52,113 basehttp 6692 14668 "GET / HTTP/1.1" 302 0
INFO 2025-09-06 20:32:52,187 basehttp 6692 14668 "GET /Student/ HTTP/1.1" 200 5854
WARNING 2025-09-06 20:32:53,082 log 6692 14668 Not Found: /favicon.ico
WARNING 2025-09-06 20:32:53,083 basehttp 6692 14668 "GET /favicon.ico HTTP/1.1" 404 3140
INFO 2025-09-06 20:32:54,952 basehttp 6692 14668 "GET /Student/ HTTP/1.1" 200 5854
INFO 2025-09-06 20:32:56,695 basehttp 6692 14668 "GET /Student/show/ HTTP/1.1" 302 0
INFO 2025-09-06 20:32:56,723 basehttp 6692 14668 "GET /User/login/?next=/Student/show/ HTTP/1.1" 200 2018
INFO 2025-09-06 20:32:57,198 basehttp 6692 14668 "GET /static/styles.css HTTP/1.1" 200 7578
WARNING 2025-09-06 20:32:57,431 basehttp 6692 14668 "GET /static/favicon.ico HTTP/1.1" 404 1960
INFO 2025-09-06 20:33:03,785 basehttp 6692 10848 "POST /User/login/?next=/Student/show/ HTTP/1.1" 200 2466
INFO 2025-09-06 20:33:34,272 basehttp 6692 10848 "POST /User/login/?next=/Student/show/ HTTP/1.1" 302 0
INFO 2025-09-06 20:33:34,360 basehttp 6692 10848 "GET /Student/ HTTP/1.1" 200 5854
ERROR 2025-09-06 20:33:37,552 log 6692 10848 Internal Server Error: /Student/show/
Traceback (most recent call last):
  File "C:\Users\hp\AppData\Local\Programs\Python\Python313\Lib\site-packages\django\core\handlers\exception.py", line 55, in inner
    response = get_response(request)
  File "C:\Users\hp\AppData\Local\Programs\Python\Python313\Lib\site-packages\django\core\handlers\base.py", line 197, in _get_response
    response = wrapped_callback(request, *callback_args, **callback_kwargs)
  File "C:\Users\hp\AppData\Local\Programs\Python\Python313\Lib\site-packages\django\contrib\auth\decorators.py", line 59, in _view_wrapper
    return view_func(request, *args, **kwargs)
  File "C:\Users\hp\Labs_SoftWare-Engineering\Lab6\School\Student\views.py", line 17, in ShowAll
    return render(request,"ShowAll.html",{"st":st})
  File "C:\Users\hp\AppData\Local\Programs\Python\Python313\Lib\site-packages\django\shortcuts.py", line 25, in render
    content = loader.render_to_string(template_name, context, request, using=using)
  File "C:\Users\hp\AppData\Local\Programs\Python\Python313\Lib\site-packages\django\template\loader.py", line 62, in render_to_string
    return template.render(context, request)
           ~~~~~~~~~~~~~~~^^^^^^^^^^^^^^^^^^
  File "C:\Users\hp\AppData\Local\Programs\Python\Python313\Lib\site-packages\django\template\backends\django.py", line 107, in render
    return self.template.render(context)
           ~~~~~~~~~~~~~~~~~~~~^^^^^^^^^
  File "C:\Users\hp\AppData\Local\Programs\Python\Python313\Lib\site-packages\django\template\base.py", line 171, in render
    return self._render(context)
           ~~~~~~~~~~~~^^^^^^^^^
  File "C:\Users\hp\AppData\Local\Programs\Python\Python313\Lib\site-packages\django\template\base.py", line 163, in _render
    return self.nodelist.render(context)
           ~~~~~~~~~~~~~~~~~~~~^^^^^^^^^
  File "C:\Users\hp\AppData\Local\Programs\Python\Python313\Lib\site-packages\django\template\base.py", line 1016, in render
    return SafeString("".join([node.render_annotated(context) for node in self]))
                               ~~~~~~~~~~~~~~~~~~~~~^^^^^^^^^
  File "C:\Users\hp\AppData\Local\Programs\Python\Python313\Lib\site-packages\django\template\base.py", line 977, in render_annotated
    return self.render(context)
           ~~~~~~~~~~~^^^^^^^^^
  File "C:\Users\hp\AppData\Local\Programs\Python\Python313\Lib\site-packages\django\template\loader_tags.py", line 159, in render
    return compiled_parent._render(context)
           ~~~~~~~~~~~~~~~~~~~~~~~^^^^^^^^^
  File "C:\Users\hp\AppData\Local\Programs\Python\Python313\Lib\site-packages\django\template\base.py", line 163, in _render
    return self.nodelist.render(context)
           ~~~~~~~~~~~~~~~~~~~~^^^^^^^^^
  File "C:\Users\hp\AppData\Local\Programs\Python\Python313\Lib\site-packages\django\template\base.py", line 1016, in render
    return SafeString("".join([node.render_annotated(context) for node in self]))
                               ~~~~~~~~~~~~~~~~~~~~~^^^^^^^^^
  File "C:\Users\hp\AppData\Local\Programs\Python\Python313\Lib\site-packages\django\template\base.py", line 977, in render_annotated
    return self.render(context)
           ~~~~~~~~~~~^^^^^^^^^
  File "C:\Users\hp\AppData\Local\Programs\Python\Python313\Lib\site-packages\django\template\defaulttags.py", line 327, in render
    return nodelist.render(context)
           ~~~~~~~~~~~~~~~^^^^^^^^^
  File "C:\Users\hp\AppData\Local\Programs\Python\Python313\Lib\site-packages\django\template\base.py", line 1016, in render
    return SafeString("".join([node.render_annotated(context) for node in self]))
                               ~~~~~~~~~~~~~~~~~~~~~^^^^^^^^^
  File "C:\Users\hp\AppData\Local\Programs\Python\Python313\Lib\site-packages\django\template\base.py", line 977, in render_annotated
    return self.render(context)
           ~~~~~~~~~~~^^^^^^^^^
  File "C:\Users\hp\AppData\Local\Programs\Python\Python313\Lib\site-packages\django\template\defaulttags.py", line 480, in render
    url = reverse(view_name, args=args, kwargs=kwargs, current_app=current_app)
  File "C:\Users\hp\AppData\Local\Programs\Python\Python313\Lib\site-packages\django\urls\base.py", line 98, in reverse
    resolved_url = resolver._reverse_with_prefix(view, prefix, *args, **kwargs)
  File "C:\Users\hp\AppData\Local\Programs\Python\Python313\Lib\site-packages\django\urls\resolvers.py", line 831, in _reverse_with_prefix
    raise NoReverseMatch(msg)
django.urls.exceptions.NoReverseMatch: Reverse for 'ShowAll' not found. 'ShowAll' is not a valid view function or pattern name.
ERROR 2025-09-06 20:33:37,584 basehttp 6692 10848 "GET /Student/show/ HTTP/1.1" 500 175495
ERROR 2025-09-06 20:37:40,730 log 6692 10848 Internal Server Error: /Student/show/
Traceback (most recent call last):
  File "C:\Users\hp\AppData\Local\Programs\Python\Python313\Lib\site-packages\django\core\handlers\exception.py", line 55, in inner
    response = get_response(request)
  File "C:\Users\hp\AppData\Local\Programs\Python\Python313\Lib\site-packages\django\core\handlers\base.py", line 197, in _get_response
    response = wrapped_callback(request, *callback_args, **callback_kwargs)
  File "C:\Users\hp\AppData\Local\Programs\Python\Python313\Lib\site-packages\django\contrib\auth\decorators.py", line 59, in _view_wrapper
    return view_func(request, *args, **kwargs)
  File "C:\Users\hp\Labs_SoftWare-Engineering\Lab6\School\Student\views.py", line 17, in ShowAll
    return render(request,"ShowAll.html",{"st":st})
  File "C:\Users\hp\AppData\Local\Programs\Python\Python313\Lib\site-packages\django\shortcuts.py", line 25, in render
    content = loader.render_to_string(template_name, context, request, using=using)
  File "C:\Users\hp\AppData\Local\Programs\Python\Python313\Lib\site-packages\django\template\loader.py", line 62, in render_to_string
    return template.render(context, request)
           ~~~~~~~~~~~~~~~^^^^^^^^^^^^^^^^^^
  File "C:\Users\hp\AppData\Local\Programs\Python\Python313\Lib\site-packages\django\template\backends\django.py", line 107, in render
    return self.template.render(context)
           ~~~~~~~~~~~~~~~~~~~~^^^^^^^^^
  File "C:\Users\hp\AppData\Local\Programs\Python\Python313\Lib\site-packages\django\template\base.py", line 171, in render
    return self._render(context)
           ~~~~~~~~~~~~^^^^^^^^^
  File "C:\Users\hp\AppData\Local\Programs\Python\Python313\Lib\site-packages\django\template\base.py", line 163, in _render
    return self.nodelist.render(context)
           ~~~~~~~~~~~~~~~~~~~~^^^^^^^^^
  File "C:\Users\hp\AppData\Local\Programs\Python\Python313\Lib\site-packages\django\template\base.py", line 1016, in render
    return SafeString("".join([node.render_annotated(context) for node in self]))
                               ~~~~~~~~~~~~~~~~~~~~~^^^^^^^^^
  File "C:\Users\hp\AppData\Local\Programs\Python\Python313\Lib\site-packages\django\template\base.py", line 977, in render_annotated
    return self.render(context)
           ~~~~~~~~~~~^^^^^^^^^
  File "C:\Users\hp\AppData\Local\Programs\Python\Python313\Lib\site-packages\django\template\loader_tags.py", line 159, in render
    return compiled_parent._render(context)
           ~~~~~~~~~~~~~~~~~~~~~~~^^^^^^^^^
  File "C:\Users\hp\AppData\Local\Programs\Python\Python313\Lib\site-packages\django\template\base.py", line 163, in _render
    return self.nodelist.render(context)
           ~~~~~~~~~~~~~~~~~~~~^^^^^^^^^
  File "C:\Users\hp\AppData\Local\Programs\Python\Python313\Lib\site-packages\django\template\base.py", line 1016, in render
    return SafeString("".join([node.render_annotated(context) for node in self]))
                               ~~~~~~~~~~~~~~~~~~~~~^^^^^^^^^
  File "C:\Users\hp\AppData\Local\Programs\Python\Python313\Lib\site-packages\django\template\base.py", line 977, in render_annotated
    return self.render(context)
           ~~~~~~~~~~~^^^^^^^^^
  File "C:\Users\hp\AppData\Local\Programs\Python\Python313\Lib\site-packages\django\template\defaulttags.py", line 327, in render
    return nodelist.render(context)
           ~~~~~~~~~~~~~~~^^^^^^^^^
  File "C:\Users\hp\AppData\Local\Programs\Python\Python313\Lib\site-packages\django\template\base.py", line 1016, in render
    return SafeString("".join([node.render_annotated(context) for node in self]))
                               ~~~~~~~~~~~~~~~~~~~~~^^^^^^^^^
  File "C:\Users\hp\AppData\Local\Programs\Python\Python313\Lib\site-packages\django\template\base.py", line 977, in render_annotated
    return self.render(context)
           ~~~~~~~~~~~^^^^^^^^^
  File "C:\Users\hp\AppData\Local\Programs\Python\Python313\Lib\site-packages\django\template\defaulttags.py", line 480, in render
    url = reverse(view_name, args=args, kwargs=kwargs, current_app=current_app)
  File "C:\Users\hp\AppData\Local\Programs\Python\Python313\Lib\site-packages\django\urls\base.py", line 98, in reverse
    resolved_url = resolver._reverse_with_prefix(view, prefix, *args, **kwargs)
  File "C:\Users\hp\AppData\Local\Programs\Python\Python313\Lib\site-packages\django\urls\resolvers.py", line 831, in _reverse_with_prefix
    raise NoReverseMatch(msg)
django.urls.exceptions.NoReverseMatch: Reverse for 'ShowAllTeachers' not found. 'ShowAllTeachers' is not a valid view function or pattern name.
ERROR 2025-09-06 20:37:40,745 basehttp 6692 10848 "GET /Student/show/ HTTP/1.1" 500 175548
ERROR 2025-09-06 20:37:45,256 log 6692 10848 Internal Server Error: /Student/show/
Traceback (most recent call last):
  File "C:\Users\hp\AppData\Local\Programs\Python\Python313\Lib\site-packages\django\core\handlers\exception.py", line 55, in inner
    response = get_response(request)
  File "C:\Users\hp\AppData\Local\Programs\Python\Python313\Lib\site-packages\django\core\handlers\base.py", line 197, in _get_response
    response = wrapped_callback(request, *callback_args, **callback_kwargs)
  File "C:\Users\hp\AppData\Local\Programs\Python\Python313\Lib\site-packages\django\contrib\auth\decorators.py", line 59, in _view_wrapper
    return view_func(request, *args, **kwargs)
  File "C:\Users\hp\Labs_SoftWare-Engineering\Lab6\School\Student\views.py", line 17, in ShowAll
    return render(request,"ShowAll.html",{"st":st})
  File "C:\Users\hp\AppData\Local\Programs\Python\Python313\Lib\site-packages\django\shortcuts.py", line 25, in render
    content = loader.render_to_string(template_name, context, request, using=using)
  File "C:\Users\hp\AppData\Local\Programs\Python\Python313\Lib\site-packages\django\template\loader.py", line 62, in render_to_string
    return template.render(context, request)
           ~~~~~~~~~~~~~~~^^^^^^^^^^^^^^^^^^
  File "C:\Users\hp\AppData\Local\Programs\Python\Python313\Lib\site-packages\django\template\backends\django.py", line 107, in render
    return self.template.render(context)
           ~~~~~~~~~~~~~~~~~~~~^^^^^^^^^
  File "C:\Users\hp\AppData\Local\Programs\Python\Python313\Lib\site-packages\django\template\base.py", line 171, in render
    return self._render(context)
           ~~~~~~~~~~~~^^^^^^^^^
  File "C:\Users\hp\AppData\Local\Programs\Python\Python313\Lib\site-packages\django\template\base.py", line 163, in _render
    return self.nodelist.render(context)
           ~~~~~~~~~~~~~~~~~~~~^^^^^^^^^
  File "C:\Users\hp\AppData\Local\Programs\Python\Python313\Lib\site-packages\django\template\base.py", line 1016, in render
    return SafeString("".join([node.render_annotated(context) for node in self]))
                               ~~~~~~~~~~~~~~~~~~~~~^^^^^^^^^
  File "C:\Users\hp\AppData\Local\Programs\Python\Python313\Lib\site-packages\django\template\base.py", line 977, in render_annotated
    return self.render(context)
           ~~~~~~~~~~~^^^^^^^^^
  File "C:\Users\hp\AppData\Local\Programs\Python\Python313\Lib\site-packages\django\template\loader_tags.py", line 159, in render
    return compiled_parent._render(context)
           ~~~~~~~~~~~~~~~~~~~~~~~^^^^^^^^^
  File "C:\Users\hp\AppData\Local\Programs\Python\Python313\Lib\site-packages\django\template\base.py", line 163, in _render
    return self.nodelist.render(context)
           ~~~~~~~~~~~~~~~~~~~~^^^^^^^^^
  File "C:\Users\hp\AppData\Local\Programs\Python\Python313\Lib\site-packages\django\template\base.py", line 1016, in render
    return SafeString("".join([node.render_annotated(context) for node in self]))
                               ~~~~~~~~~~~~~~~~~~~~~^^^^^^^^^
  File "C:\Users\hp\AppData\Local\Programs\Python\Python313\Lib\site-packages\django\template\base.py", line 977, in render_annotated
    return self.render(context)
           ~~~~~~~~~~~^^^^^^^^^
  File "C:\Users\hp\AppData\Local\Programs\Python\Python313\Lib\site-packages\django\template\defaulttags.py", line 327, in render
    return nodelist.render(context)
           ~~~~~~~~~~~~~~~^^^^^^^^^
  File "C:\Users\hp\AppData\Local\Programs\Python\Python313\Lib\site-packages\django\template\base.py", line 1016, in render
    return SafeString("".join([node.render_annotated(context) for node in self]))
                               ~~~~~~~~~~~~~~~~~~~~~^^^^^^^^^
  File "C:\Users\hp\AppData\Local\Programs\Python\Python313\Lib\site-packages\django\template\base.py", line 977, in render_annotated
    return self.render(context)
           ~~~~~~~~~~~^^^^^^^^^
  File "C:\Users\hp\AppData\Local\Programs\Python\Python313\Lib\site-packages\django\template\defaulttags.py", line 480, in render
    url = reverse(view_name, args=args, kwargs=kwargs, current_app=current_app)
  File "C:\Users\hp\AppData\Local\Programs\Python\Python313\Lib\site-packages\django\urls\base.py", line 98, in reverse
    resolved_url = resolver._reverse_with_prefix(view, prefix, *args, **kwargs)
  File "C:\Users\hp\AppData\Local\Programs\Python\Python313\Lib\site-packages\django\urls\resolvers.py", line 831, in _reverse_with_prefix
    raise NoReverseMatch(msg)
django.urls.exceptions.NoReverseMatch: Reverse for 'ShowAllTeachers' not found. 'ShowAllTeachers' is not a valid view function or pattern name.
ERROR 2025-09-06 20:37:45,266 basehttp 6692 10848 "GET /Student/show/ HTTP/1.1" 500 175411
INFO 2025-09-06 20:39:55,141 autoreload 17308 16356 Watching for file changes with StatReloader
INFO 2025-09-06 20:40:23,561 basehttp 6692 10848 "GET / HTTP/1.1" 302 0
INFO 2025-09-06 20:40:23,656 basehttp 6692 10848 "GET /Student/ HTTP/1.1" 200 5854
ERROR 2025-09-06 20:40:25,724 log 6692 10848 Internal Server Error: /Student/show/
Traceback (most recent call last):
  File "C:\Users\hp\AppData\Local\Programs\Python\Python313\Lib\site-packages\django\core\handlers\exception.py", line 55, in inner
    response = get_response(request)
  File "C:\Users\hp\AppData\Local\Programs\Python\Python313\Lib\site-packages\django\core\handlers\base.py", line 197, in _get_response
    response = wrapped_callback(request, *callback_args, **callback_kwargs)
  File "C:\Users\hp\AppData\Local\Programs\Python\Python313\Lib\site-packages\django\contrib\auth\decorators.py", line 59, in _view_wrapper
    return view_func(request, *args, **kwargs)
  File "C:\Users\hp\Labs_SoftWare-Engineering\Lab6\School\Student\views.py", line 17, in ShowAll
    return render(request,"ShowAll.html",{"st":st})
  File "C:\Users\hp\AppData\Local\Programs\Python\Python313\Lib\site-packages\django\shortcuts.py", line 25, in render
    content = loader.render_to_string(template_name, context, request, using=using)
  File "C:\Users\hp\AppData\Local\Programs\Python\Python313\Lib\site-packages\django\template\loader.py", line 62, in render_to_string
    return template.render(context, request)
           ~~~~~~~~~~~~~~~^^^^^^^^^^^^^^^^^^
  File "C:\Users\hp\AppData\Local\Programs\Python\Python313\Lib\site-packages\django\template\backends\django.py", line 107, in render
    return self.template.render(context)
           ~~~~~~~~~~~~~~~~~~~~^^^^^^^^^
  File "C:\Users\hp\AppData\Local\Programs\Python\Python313\Lib\site-packages\django\template\base.py", line 171, in render
    return self._render(context)
           ~~~~~~~~~~~~^^^^^^^^^
  File "C:\Users\hp\AppData\Local\Programs\Python\Python313\Lib\site-packages\django\template\base.py", line 163, in _render
    return self.nodelist.render(context)
           ~~~~~~~~~~~~~~~~~~~~^^^^^^^^^
  File "C:\Users\hp\AppData\Local\Programs\Python\Python313\Lib\site-packages\django\template\base.py", line 1016, in render
    return SafeString("".join([node.render_annotated(context) for node in self]))
                               ~~~~~~~~~~~~~~~~~~~~~^^^^^^^^^
  File "C:\Users\hp\AppData\Local\Programs\Python\Python313\Lib\site-packages\django\template\base.py", line 977, in render_annotated
    return self.render(context)
           ~~~~~~~~~~~^^^^^^^^^
  File "C:\Users\hp\AppData\Local\Programs\Python\Python313\Lib\site-packages\django\template\loader_tags.py", line 159, in render
    return compiled_parent._render(context)
           ~~~~~~~~~~~~~~~~~~~~~~~^^^^^^^^^
  File "C:\Users\hp\AppData\Local\Programs\Python\Python313\Lib\site-packages\django\template\base.py", line 163, in _render
    return self.nodelist.render(context)
           ~~~~~~~~~~~~~~~~~~~~^^^^^^^^^
  File "C:\Users\hp\AppData\Local\Programs\Python\Python313\Lib\site-packages\django\template\base.py", line 1016, in render
    return SafeString("".join([node.render_annotated(context) for node in self]))
                               ~~~~~~~~~~~~~~~~~~~~~^^^^^^^^^
  File "C:\Users\hp\AppData\Local\Programs\Python\Python313\Lib\site-packages\django\template\base.py", line 977, in render_annotated
    return self.render(context)
           ~~~~~~~~~~~^^^^^^^^^
  File "C:\Users\hp\AppData\Local\Programs\Python\Python313\Lib\site-packages\django\template\defaulttags.py", line 327, in render
    return nodelist.render(context)
           ~~~~~~~~~~~~~~~^^^^^^^^^
  File "C:\Users\hp\AppData\Local\Programs\Python\Python313\Lib\site-packages\django\template\base.py", line 1016, in render
    return SafeString("".join([node.render_annotated(context) for node in self]))
                               ~~~~~~~~~~~~~~~~~~~~~^^^^^^^^^
  File "C:\Users\hp\AppData\Local\Programs\Python\Python313\Lib\site-packages\django\template\base.py", line 977, in render_annotated
    return self.render(context)
           ~~~~~~~~~~~^^^^^^^^^
  File "C:\Users\hp\AppData\Local\Programs\Python\Python313\Lib\site-packages\django\template\defaulttags.py", line 480, in render
    url = reverse(view_name, args=args, kwargs=kwargs, current_app=current_app)
  File "C:\Users\hp\AppData\Local\Programs\Python\Python313\Lib\site-packages\django\urls\base.py", line 98, in reverse
    resolved_url = resolver._reverse_with_prefix(view, prefix, *args, **kwargs)
  File "C:\Users\hp\AppData\Local\Programs\Python\Python313\Lib\site-packages\django\urls\resolvers.py", line 831, in _reverse_with_prefix
    raise NoReverseMatch(msg)
django.urls.exceptions.NoReverseMatch: Reverse for 'ShowAllTeachers' not found. 'ShowAllTeachers' is not a valid view function or pattern name.
ERROR 2025-09-06 20:40:25,735 basehttp 6692 10848 "GET /Student/show/ HTTP/1.1" 500 175411
ERROR 2025-09-06 20:42:25,246 log 6692 10848 Internal Server Error: /Student/show/
Traceback (most recent call last):
  File "C:\Users\hp\AppData\Local\Programs\Python\Python313\Lib\site-packages\django\core\handlers\exception.py", line 55, in inner
    response = get_response(request)
  File "C:\Users\hp\AppData\Local\Programs\Python\Python313\Lib\site-packages\django\core\handlers\base.py", line 197, in _get_response
    response = wrapped_callback(request, *callback_args, **callback_kwargs)
  File "C:\Users\hp\AppData\Local\Programs\Python\Python313\Lib\site-packages\django\contrib\auth\decorators.py", line 59, in _view_wrapper
    return view_func(request, *args, **kwargs)
  File "C:\Users\hp\Labs_SoftWare-Engineering\Lab6\School\Student\views.py", line 17, in ShowAll
    return render(request,"ShowAll.html",{"st":st})
  File "C:\Users\hp\AppData\Local\Programs\Python\Python313\Lib\site-packages\django\shortcuts.py", line 25, in render
    content = loader.render_to_string(template_name, context, request, using=using)
  File "C:\Users\hp\AppData\Local\Programs\Python\Python313\Lib\site-packages\django\template\loader.py", line 62, in render_to_string
    return template.render(context, request)
           ~~~~~~~~~~~~~~~^^^^^^^^^^^^^^^^^^
  File "C:\Users\hp\AppData\Local\Programs\Python\Python313\Lib\site-packages\django\template\backends\django.py", line 107, in render
    return self.template.render(context)
           ~~~~~~~~~~~~~~~~~~~~^^^^^^^^^
  File "C:\Users\hp\AppData\Local\Programs\Python\Python313\Lib\site-packages\django\template\base.py", line 171, in render
    return self._render(context)
           ~~~~~~~~~~~~^^^^^^^^^
  File "C:\Users\hp\AppData\Local\Programs\Python\Python313\Lib\site-packages\django\template\base.py", line 163, in _render
    return self.nodelist.render(context)
           ~~~~~~~~~~~~~~~~~~~~^^^^^^^^^
  File "C:\Users\hp\AppData\Local\Programs\Python\Python313\Lib\site-packages\django\template\base.py", line 1016, in render
    return SafeString("".join([node.render_annotated(context) for node in self]))
                               ~~~~~~~~~~~~~~~~~~~~~^^^^^^^^^
  File "C:\Users\hp\AppData\Local\Programs\Python\Python313\Lib\site-packages\django\template\base.py", line 977, in render_annotated
    return self.render(context)
           ~~~~~~~~~~~^^^^^^^^^
  File "C:\Users\hp\AppData\Local\Programs\Python\Python313\Lib\site-packages\django\template\loader_tags.py", line 159, in render
    return compiled_parent._render(context)
           ~~~~~~~~~~~~~~~~~~~~~~~^^^^^^^^^
  File "C:\Users\hp\AppData\Local\Programs\Python\Python313\Lib\site-packages\django\template\base.py", line 163, in _render
    return self.nodelist.render(context)
           ~~~~~~~~~~~~~~~~~~~~^^^^^^^^^
  File "C:\Users\hp\AppData\Local\Programs\Python\Python313\Lib\site-packages\django\template\base.py", line 1016, in render
    return SafeString("".join([node.render_annotated(context) for node in self]))
                               ~~~~~~~~~~~~~~~~~~~~~^^^^^^^^^
  File "C:\Users\hp\AppData\Local\Programs\Python\Python313\Lib\site-packages\django\template\base.py", line 977, in render_annotated
    return self.render(context)
           ~~~~~~~~~~~^^^^^^^^^
  File "C:\Users\hp\AppData\Local\Programs\Python\Python313\Lib\site-packages\django\template\loader_tags.py", line 65, in render
    result = block.nodelist.render(context)
  File "C:\Users\hp\AppData\Local\Programs\Python\Python313\Lib\site-packages\django\template\base.py", line 1016, in render
    return SafeString("".join([node.render_annotated(context) for node in self]))
                               ~~~~~~~~~~~~~~~~~~~~~^^^^^^^^^
  File "C:\Users\hp\AppData\Local\Programs\Python\Python313\Lib\site-packages\django\template\base.py", line 977, in render_annotated
    return self.render(context)
           ~~~~~~~~~~~^^^^^^^^^
  File "C:\Users\hp\AppData\Local\Programs\Python\Python313\Lib\site-packages\django\template\defaulttags.py", line 480, in render
    url = reverse(view_name, args=args, kwargs=kwargs, current_app=current_app)
  File "C:\Users\hp\AppData\Local\Programs\Python\Python313\Lib\site-packages\django\urls\base.py", line 98, in reverse
    resolved_url = resolver._reverse_with_prefix(view, prefix, *args, **kwargs)
  File "C:\Users\hp\AppData\Local\Programs\Python\Python313\Lib\site-packages\django\urls\resolvers.py", line 831, in _reverse_with_prefix
    raise NoReverseMatch(msg)
django.urls.exceptions.NoReverseMatch: Reverse for 'AddStudent' not found. 'AddStudent' is not a valid view function or pattern name.
ERROR 2025-09-06 20:42:25,256 basehttp 6692 10848 "GET /Student/show/ HTTP/1.1" 500 174522
ERROR 2025-09-06 20:43:22,730 log 6692 10848 Internal Server Error: /Student/show/
Traceback (most recent call last):
  File "C:\Users\hp\AppData\Local\Programs\Python\Python313\Lib\site-packages\django\core\handlers\exception.py", line 55, in inner
    response = get_response(request)
  File "C:\Users\hp\AppData\Local\Programs\Python\Python313\Lib\site-packages\django\core\handlers\base.py", line 197, in _get_response
    response = wrapped_callback(request, *callback_args, **callback_kwargs)
  File "C:\Users\hp\AppData\Local\Programs\Python\Python313\Lib\site-packages\django\contrib\auth\decorators.py", line 59, in _view_wrapper
    return view_func(request, *args, **kwargs)
  File "C:\Users\hp\Labs_SoftWare-Engineering\Lab6\School\Student\views.py", line 17, in ShowAll
    return render(request,"ShowAll.html",{"st":st})
  File "C:\Users\hp\AppData\Local\Programs\Python\Python313\Lib\site-packages\django\shortcuts.py", line 25, in render
    content = loader.render_to_string(template_name, context, request, using=using)
  File "C:\Users\hp\AppData\Local\Programs\Python\Python313\Lib\site-packages\django\template\loader.py", line 62, in render_to_string
    return template.render(context, request)
           ~~~~~~~~~~~~~~~^^^^^^^^^^^^^^^^^^
  File "C:\Users\hp\AppData\Local\Programs\Python\Python313\Lib\site-packages\django\template\backends\django.py", line 107, in render
    return self.template.render(context)
           ~~~~~~~~~~~~~~~~~~~~^^^^^^^^^
  File "C:\Users\hp\AppData\Local\Programs\Python\Python313\Lib\site-packages\django\template\base.py", line 171, in render
    return self._render(context)
           ~~~~~~~~~~~~^^^^^^^^^
  File "C:\Users\hp\AppData\Local\Programs\Python\Python313\Lib\site-packages\django\template\base.py", line 163, in _render
    return self.nodelist.render(context)
           ~~~~~~~~~~~~~~~~~~~~^^^^^^^^^
  File "C:\Users\hp\AppData\Local\Programs\Python\Python313\Lib\site-packages\django\template\base.py", line 1016, in render
    return SafeString("".join([node.render_annotated(context) for node in self]))
                               ~~~~~~~~~~~~~~~~~~~~~^^^^^^^^^
  File "C:\Users\hp\AppData\Local\Programs\Python\Python313\Lib\site-packages\django\template\base.py", line 977, in render_annotated
    return self.render(context)
           ~~~~~~~~~~~^^^^^^^^^
  File "C:\Users\hp\AppData\Local\Programs\Python\Python313\Lib\site-packages\django\template\loader_tags.py", line 159, in render
    return compiled_parent._render(context)
           ~~~~~~~~~~~~~~~~~~~~~~~^^^^^^^^^
  File "C:\Users\hp\AppData\Local\Programs\Python\Python313\Lib\site-packages\django\template\base.py", line 163, in _render
    return self.nodelist.render(context)
           ~~~~~~~~~~~~~~~~~~~~^^^^^^^^^
  File "C:\Users\hp\AppData\Local\Programs\Python\Python313\Lib\site-packages\django\template\base.py", line 1016, in render
    return SafeString("".join([node.render_annotated(context) for node in self]))
                               ~~~~~~~~~~~~~~~~~~~~~^^^^^^^^^
  File "C:\Users\hp\AppData\Local\Programs\Python\Python313\Lib\site-packages\django\template\base.py", line 977, in render_annotated
    return self.render(context)
           ~~~~~~~~~~~^^^^^^^^^
  File "C:\Users\hp\AppData\Local\Programs\Python\Python313\Lib\site-packages\django\template\loader_tags.py", line 65, in render
    result = block.nodelist.render(context)
  File "C:\Users\hp\AppData\Local\Programs\Python\Python313\Lib\site-packages\django\template\base.py", line 1016, in render
    return SafeString("".join([node.render_annotated(context) for node in self]))
                               ~~~~~~~~~~~~~~~~~~~~~^^^^^^^^^
  File "C:\Users\hp\AppData\Local\Programs\Python\Python313\Lib\site-packages\django\template\base.py", line 977, in render_annotated
    return self.render(context)
           ~~~~~~~~~~~^^^^^^^^^
  File "C:\Users\hp\AppData\Local\Programs\Python\Python313\Lib\site-packages\django\template\defaulttags.py", line 480, in render
    url = reverse(view_name, args=args, kwargs=kwargs, current_app=current_app)
  File "C:\Users\hp\AppData\Local\Programs\Python\Python313\Lib\site-packages\django\urls\base.py", line 98, in reverse
    resolved_url = resolver._reverse_with_prefix(view, prefix, *args, **kwargs)
  File "C:\Users\hp\AppData\Local\Programs\Python\Python313\Lib\site-packages\django\urls\resolvers.py", line 831, in _reverse_with_prefix
    raise NoReverseMatch(msg)
django.urls.exceptions.NoReverseMatch: Reverse for 'AddStudent' not found. 'AddStudent' is not a valid view function or pattern name.
ERROR 2025-09-06 20:43:22,807 basehttp 6692 10848 "GET /Student/show/ HTTP/1.1" 500 174522
ERROR 2025-09-06 20:44:42,363 log 6692 17696 Internal Server Error: /Student/show/
Traceback (most recent call last):
  File "C:\Users\hp\AppData\Local\Programs\Python\Python313\Lib\site-packages\django\core\handlers\exception.py", line 55, in inner
    response = get_response(request)
  File "C:\Users\hp\AppData\Local\Programs\Python\Python313\Lib\site-packages\django\core\handlers\base.py", line 197, in _get_response
    response = wrapped_callback(request, *callback_args, **callback_kwargs)
  File "C:\Users\hp\AppData\Local\Programs\Python\Python313\Lib\site-packages\django\contrib\auth\decorators.py", line 59, in _view_wrapper
    return view_func(request, *args, **kwargs)
  File "C:\Users\hp\Labs_SoftWare-Engineering\Lab6\School\Student\views.py", line 17, in ShowAll
    return render(request,"ShowAll.html",{"st":st})
  File "C:\Users\hp\AppData\Local\Programs\Python\Python313\Lib\site-packages\django\shortcuts.py", line 25, in render
    content = loader.render_to_string(template_name, context, request, using=using)
  File "C:\Users\hp\AppData\Local\Programs\Python\Python313\Lib\site-packages\django\template\loader.py", line 62, in render_to_string
    return template.render(context, request)
           ~~~~~~~~~~~~~~~^^^^^^^^^^^^^^^^^^
  File "C:\Users\hp\AppData\Local\Programs\Python\Python313\Lib\site-packages\django\template\backends\django.py", line 107, in render
    return self.template.render(context)
           ~~~~~~~~~~~~~~~~~~~~^^^^^^^^^
  File "C:\Users\hp\AppData\Local\Programs\Python\Python313\Lib\site-packages\django\template\base.py", line 171, in render
    return self._render(context)
           ~~~~~~~~~~~~^^^^^^^^^
  File "C:\Users\hp\AppData\Local\Programs\Python\Python313\Lib\site-packages\django\template\base.py", line 163, in _render
    return self.nodelist.render(context)
           ~~~~~~~~~~~~~~~~~~~~^^^^^^^^^
  File "C:\Users\hp\AppData\Local\Programs\Python\Python313\Lib\site-packages\django\template\base.py", line 1016, in render
    return SafeString("".join([node.render_annotated(context) for node in self]))
                               ~~~~~~~~~~~~~~~~~~~~~^^^^^^^^^
  File "C:\Users\hp\AppData\Local\Programs\Python\Python313\Lib\site-packages\django\template\base.py", line 977, in render_annotated
    return self.render(context)
           ~~~~~~~~~~~^^^^^^^^^
  File "C:\Users\hp\AppData\Local\Programs\Python\Python313\Lib\site-packages\django\template\loader_tags.py", line 159, in render
    return compiled_parent._render(context)
           ~~~~~~~~~~~~~~~~~~~~~~~^^^^^^^^^
  File "C:\Users\hp\AppData\Local\Programs\Python\Python313\Lib\site-packages\django\template\base.py", line 163, in _render
    return self.nodelist.render(context)
           ~~~~~~~~~~~~~~~~~~~~^^^^^^^^^
  File "C:\Users\hp\AppData\Local\Programs\Python\Python313\Lib\site-packages\django\template\base.py", line 1016, in render
    return SafeString("".join([node.render_annotated(context) for node in self]))
                               ~~~~~~~~~~~~~~~~~~~~~^^^^^^^^^
  File "C:\Users\hp\AppData\Local\Programs\Python\Python313\Lib\site-packages\django\template\base.py", line 977, in render_annotated
    return self.render(context)
           ~~~~~~~~~~~^^^^^^^^^
  File "C:\Users\hp\AppData\Local\Programs\Python\Python313\Lib\site-packages\django\template\loader_tags.py", line 65, in render
    result = block.nodelist.render(context)
  File "C:\Users\hp\AppData\Local\Programs\Python\Python313\Lib\site-packages\django\template\base.py", line 1016, in render
    return SafeString("".join([node.render_annotated(context) for node in self]))
                               ~~~~~~~~~~~~~~~~~~~~~^^^^^^^^^
  File "C:\Users\hp\AppData\Local\Programs\Python\Python313\Lib\site-packages\django\template\base.py", line 977, in render_annotated
    return self.render(context)
           ~~~~~~~~~~~^^^^^^^^^
  File "C:\Users\hp\AppData\Local\Programs\Python\Python313\Lib\site-packages\django\template\defaulttags.py", line 480, in render
    url = reverse(view_name, args=args, kwargs=kwargs, current_app=current_app)
  File "C:\Users\hp\AppData\Local\Programs\Python\Python313\Lib\site-packages\django\urls\base.py", line 98, in reverse
    resolved_url = resolver._reverse_with_prefix(view, prefix, *args, **kwargs)
  File "C:\Users\hp\AppData\Local\Programs\Python\Python313\Lib\site-packages\django\urls\resolvers.py", line 831, in _reverse_with_prefix
    raise NoReverseMatch(msg)
django.urls.exceptions.NoReverseMatch: Reverse for 'AddStudent' not found. 'AddStudent' is not a valid view function or pattern name.
ERROR 2025-09-06 20:44:42,380 basehttp 6692 17696 "GET /Student/show/ HTTP/1.1" 500 174522
INFO 2025-09-06 20:44:45,266 basehttp 6692 17696 "GET /Teacher/show/ HTTP/1.1" 200 6183
INFO 2025-09-06 20:44:45,324 basehttp 6692 17696 "GET /static/styles.css HTTP/1.1" 304 0
INFO 2025-09-06 20:45:00,868 basehttp 6692 17696 "GET /Teacher/EditTeacher/2 HTTP/1.1" 200 3163
INFO 2025-09-06 20:45:08,498 basehttp 6692 17696 "GET /Teacher/show/ HTTP/1.1" 200 6183
INFO 2025-09-06 20:45:11,512 basehttp 6692 17696 "GET /Teacher/AddTeacher/ HTTP/1.1" 200 3093
INFO 2025-09-06 20:45:19,954 basehttp 6692 17696 "GET /Student/ HTTP/1.1" 200 5854
ERROR 2025-09-06 20:45:21,384 log 6692 17696 Internal Server Error: /Student/show/
Traceback (most recent call last):
  File "C:\Users\hp\AppData\Local\Programs\Python\Python313\Lib\site-packages\django\core\handlers\exception.py", line 55, in inner
    response = get_response(request)
  File "C:\Users\hp\AppData\Local\Programs\Python\Python313\Lib\site-packages\django\core\handlers\base.py", line 197, in _get_response
    response = wrapped_callback(request, *callback_args, **callback_kwargs)
  File "C:\Users\hp\AppData\Local\Programs\Python\Python313\Lib\site-packages\django\contrib\auth\decorators.py", line 59, in _view_wrapper
    return view_func(request, *args, **kwargs)
  File "C:\Users\hp\Labs_SoftWare-Engineering\Lab6\School\Student\views.py", line 17, in ShowAll
    return render(request,"ShowAll.html",{"st":st})
  File "C:\Users\hp\AppData\Local\Programs\Python\Python313\Lib\site-packages\django\shortcuts.py", line 25, in render
    content = loader.render_to_string(template_name, context, request, using=using)
  File "C:\Users\hp\AppData\Local\Programs\Python\Python313\Lib\site-packages\django\template\loader.py", line 62, in render_to_string
    return template.render(context, request)
           ~~~~~~~~~~~~~~~^^^^^^^^^^^^^^^^^^
  File "C:\Users\hp\AppData\Local\Programs\Python\Python313\Lib\site-packages\django\template\backends\django.py", line 107, in render
    return self.template.render(context)
           ~~~~~~~~~~~~~~~~~~~~^^^^^^^^^
  File "C:\Users\hp\AppData\Local\Programs\Python\Python313\Lib\site-packages\django\template\base.py", line 171, in render
    return self._render(context)
           ~~~~~~~~~~~~^^^^^^^^^
  File "C:\Users\hp\AppData\Local\Programs\Python\Python313\Lib\site-packages\django\template\base.py", line 163, in _render
    return self.nodelist.render(context)
           ~~~~~~~~~~~~~~~~~~~~^^^^^^^^^
  File "C:\Users\hp\AppData\Local\Programs\Python\Python313\Lib\site-packages\django\template\base.py", line 1016, in render
    return SafeString("".join([node.render_annotated(context) for node in self]))
                               ~~~~~~~~~~~~~~~~~~~~~^^^^^^^^^
  File "C:\Users\hp\AppData\Local\Programs\Python\Python313\Lib\site-packages\django\template\base.py", line 977, in render_annotated
    return self.render(context)
           ~~~~~~~~~~~^^^^^^^^^
  File "C:\Users\hp\AppData\Local\Programs\Python\Python313\Lib\site-packages\django\template\loader_tags.py", line 159, in render
    return compiled_parent._render(context)
           ~~~~~~~~~~~~~~~~~~~~~~~^^^^^^^^^
  File "C:\Users\hp\AppData\Local\Programs\Python\Python313\Lib\site-packages\django\template\base.py", line 163, in _render
    return self.nodelist.render(context)
           ~~~~~~~~~~~~~~~~~~~~^^^^^^^^^
  File "C:\Users\hp\AppData\Local\Programs\Python\Python313\Lib\site-packages\django\template\base.py", line 1016, in render
    return SafeString("".join([node.render_annotated(context) for node in self]))
                               ~~~~~~~~~~~~~~~~~~~~~^^^^^^^^^
  File "C:\Users\hp\AppData\Local\Programs\Python\Python313\Lib\site-packages\django\template\base.py", line 977, in render_annotated
    return self.render(context)
           ~~~~~~~~~~~^^^^^^^^^
  File "C:\Users\hp\AppData\Local\Programs\Python\Python313\Lib\site-packages\django\template\loader_tags.py", line 65, in render
    result = block.nodelist.render(context)
  File "C:\Users\hp\AppData\Local\Programs\Python\Python313\Lib\site-packages\django\template\base.py", line 1016, in render
    return SafeString("".join([node.render_annotated(context) for node in self]))
                               ~~~~~~~~~~~~~~~~~~~~~^^^^^^^^^
  File "C:\Users\hp\AppData\Local\Programs\Python\Python313\Lib\site-packages\django\template\base.py", line 977, in render_annotated
    return self.render(context)
           ~~~~~~~~~~~^^^^^^^^^
  File "C:\Users\hp\AppData\Local\Programs\Python\Python313\Lib\site-packages\django\template\defaulttags.py", line 480, in render
    url = reverse(view_name, args=args, kwargs=kwargs, current_app=current_app)
  File "C:\Users\hp\AppData\Local\Programs\Python\Python313\Lib\site-packages\django\urls\base.py", line 98, in reverse
    resolved_url = resolver._reverse_with_prefix(view, prefix, *args, **kwargs)
  File "C:\Users\hp\AppData\Local\Programs\Python\Python313\Lib\site-packages\django\urls\resolvers.py", line 831, in _reverse_with_prefix
    raise NoReverseMatch(msg)
django.urls.exceptions.NoReverseMatch: Reverse for 'AddStudent' not found. 'AddStudent' is not a valid view function or pattern name.
ERROR 2025-09-06 20:45:21,440 basehttp 6692 17696 "GET /Student/show/ HTTP/1.1" 500 174385
INFO 2025-09-06 20:45:24,451 basehttp 6692 17696 "GET /Teacher/show/ HTTP/1.1" 200 6183
ERROR 2025-09-06 20:45:27,978 log 6692 17696 Internal Server Error: /Teacher/DeleteTeacher/2
Traceback (most recent call last):
  File "C:\Users\hp\AppData\Local\Programs\Python\Python313\Lib\site-packages\django\core\handlers\exception.py", line 55, in inner
    response = get_response(request)
  File "C:\Users\hp\AppData\Local\Programs\Python\Python313\Lib\site-packages\django\core\handlers\base.py", line 197, in _get_response
    response = wrapped_callback(request, *callback_args, **callback_kwargs)
  File "C:\Users\hp\AppData\Local\Programs\Python\Python313\Lib\site-packages\django\contrib\auth\decorators.py", line 59, in _view_wrapper
    return view_func(request, *args, **kwargs)
  File "C:\Users\hp\Labs_SoftWare-Engineering\Lab6\School\Teacher\views.py", line 85, in DeleteTeacher
    return render(request,"DeleteTeacher.html")
  File "C:\Users\hp\AppData\Local\Programs\Python\Python313\Lib\site-packages\django\shortcuts.py", line 25, in render
    content = loader.render_to_string(template_name, context, request, using=using)
  File "C:\Users\hp\AppData\Local\Programs\Python\Python313\Lib\site-packages\django\template\loader.py", line 62, in render_to_string
    return template.render(context, request)
           ~~~~~~~~~~~~~~~^^^^^^^^^^^^^^^^^^
  File "C:\Users\hp\AppData\Local\Programs\Python\Python313\Lib\site-packages\django\template\backends\django.py", line 107, in render
    return self.template.render(context)
           ~~~~~~~~~~~~~~~~~~~~^^^^^^^^^
  File "C:\Users\hp\AppData\Local\Programs\Python\Python313\Lib\site-packages\django\template\base.py", line 171, in render
    return self._render(context)
           ~~~~~~~~~~~~^^^^^^^^^
  File "C:\Users\hp\AppData\Local\Programs\Python\Python313\Lib\site-packages\django\template\base.py", line 163, in _render
    return self.nodelist.render(context)
           ~~~~~~~~~~~~~~~~~~~~^^^^^^^^^
  File "C:\Users\hp\AppData\Local\Programs\Python\Python313\Lib\site-packages\django\template\base.py", line 1016, in render
    return SafeString("".join([node.render_annotated(context) for node in self]))
                               ~~~~~~~~~~~~~~~~~~~~~^^^^^^^^^
  File "C:\Users\hp\AppData\Local\Programs\Python\Python313\Lib\site-packages\django\template\base.py", line 977, in render_annotated
    return self.render(context)
           ~~~~~~~~~~~^^^^^^^^^
  File "C:\Users\hp\AppData\Local\Programs\Python\Python313\Lib\site-packages\django\template\loader_tags.py", line 159, in render
    return compiled_parent._render(context)
           ~~~~~~~~~~~~~~~~~~~~~~~^^^^^^^^^
  File "C:\Users\hp\AppData\Local\Programs\Python\Python313\Lib\site-packages\django\template\base.py", line 163, in _render
    return self.nodelist.render(context)
           ~~~~~~~~~~~~~~~~~~~~^^^^^^^^^
  File "C:\Users\hp\AppData\Local\Programs\Python\Python313\Lib\site-packages\django\template\base.py", line 1016, in render
    return SafeString("".join([node.render_annotated(context) for node in self]))
                               ~~~~~~~~~~~~~~~~~~~~~^^^^^^^^^
  File "C:\Users\hp\AppData\Local\Programs\Python\Python313\Lib\site-packages\django\template\base.py", line 977, in render_annotated
    return self.render(context)
           ~~~~~~~~~~~^^^^^^^^^
  File "C:\Users\hp\AppData\Local\Programs\Python\Python313\Lib\site-packages\django\template\loader_tags.py", line 65, in render
    result = block.nodelist.render(context)
  File "C:\Users\hp\AppData\Local\Programs\Python\Python313\Lib\site-packages\django\template\base.py", line 1016, in render
    return SafeString("".join([node.render_annotated(context) for node in self]))
                               ~~~~~~~~~~~~~~~~~~~~~^^^^^^^^^
  File "C:\Users\hp\AppData\Local\Programs\Python\Python313\Lib\site-packages\django\template\base.py", line 977, in render_annotated
    return self.render(context)
           ~~~~~~~~~~~^^^^^^^^^
  File "C:\Users\hp\AppData\Local\Programs\Python\Python313\Lib\site-packages\django\template\defaulttags.py", line 327, in render
    return nodelist.render(context)
           ~~~~~~~~~~~~~~~^^^^^^^^^
  File "C:\Users\hp\AppData\Local\Programs\Python\Python313\Lib\site-packages\django\template\base.py", line 1016, in render
    return SafeString("".join([node.render_annotated(context) for node in self]))
                               ~~~~~~~~~~~~~~~~~~~~~^^^^^^^^^
  File "C:\Users\hp\AppData\Local\Programs\Python\Python313\Lib\site-packages\django\template\base.py", line 977, in render_annotated
    return self.render(context)
           ~~~~~~~~~~~^^^^^^^^^
  File "C:\Users\hp\AppData\Local\Programs\Python\Python313\Lib\site-packages\django\template\defaulttags.py", line 480, in render
    url = reverse(view_name, args=args, kwargs=kwargs, current_app=current_app)
  File "C:\Users\hp\AppData\Local\Programs\Python\Python313\Lib\site-packages\django\urls\base.py", line 98, in reverse
    resolved_url = resolver._reverse_with_prefix(view, prefix, *args, **kwargs)
  File "C:\Users\hp\AppData\Local\Programs\Python\Python313\Lib\site-packages\django\urls\resolvers.py", line 831, in _reverse_with_prefix
    raise NoReverseMatch(msg)
django.urls.exceptions.NoReverseMatch: Reverse for 'ShowAllTeachers' not found. 'ShowAllTeachers' is not a valid view function or pattern name.
ERROR 2025-09-06 20:45:28,013 basehttp 6692 17696 "GET /Teacher/DeleteTeacher/2 HTTP/1.1" 500 167530
ERROR 2025-09-06 20:46:41,522 log 6692 17696 Internal Server Error: /Student/show/
Traceback (most recent call last):
  File "C:\Users\hp\AppData\Local\Programs\Python\Python313\Lib\site-packages\django\core\handlers\exception.py", line 55, in inner
    response = get_response(request)
  File "C:\Users\hp\AppData\Local\Programs\Python\Python313\Lib\site-packages\django\core\handlers\base.py", line 197, in _get_response
    response = wrapped_callback(request, *callback_args, **callback_kwargs)
  File "C:\Users\hp\AppData\Local\Programs\Python\Python313\Lib\site-packages\django\contrib\auth\decorators.py", line 59, in _view_wrapper
    return view_func(request, *args, **kwargs)
  File "C:\Users\hp\Labs_SoftWare-Engineering\Lab6\School\Student\views.py", line 17, in ShowAll
    return render(request,"ShowAll.html",{"st":st})
  File "C:\Users\hp\AppData\Local\Programs\Python\Python313\Lib\site-packages\django\shortcuts.py", line 25, in render
    content = loader.render_to_string(template_name, context, request, using=using)
  File "C:\Users\hp\AppData\Local\Programs\Python\Python313\Lib\site-packages\django\template\loader.py", line 62, in render_to_string
    return template.render(context, request)
           ~~~~~~~~~~~~~~~^^^^^^^^^^^^^^^^^^
  File "C:\Users\hp\AppData\Local\Programs\Python\Python313\Lib\site-packages\django\template\backends\django.py", line 107, in render
    return self.template.render(context)
           ~~~~~~~~~~~~~~~~~~~~^^^^^^^^^
  File "C:\Users\hp\AppData\Local\Programs\Python\Python313\Lib\site-packages\django\template\base.py", line 171, in render
    return self._render(context)
           ~~~~~~~~~~~~^^^^^^^^^
  File "C:\Users\hp\AppData\Local\Programs\Python\Python313\Lib\site-packages\django\template\base.py", line 163, in _render
    return self.nodelist.render(context)
           ~~~~~~~~~~~~~~~~~~~~^^^^^^^^^
  File "C:\Users\hp\AppData\Local\Programs\Python\Python313\Lib\site-packages\django\template\base.py", line 1016, in render
    return SafeString("".join([node.render_annotated(context) for node in self]))
                               ~~~~~~~~~~~~~~~~~~~~~^^^^^^^^^
  File "C:\Users\hp\AppData\Local\Programs\Python\Python313\Lib\site-packages\django\template\base.py", line 977, in render_annotated
    return self.render(context)
           ~~~~~~~~~~~^^^^^^^^^
  File "C:\Users\hp\AppData\Local\Programs\Python\Python313\Lib\site-packages\django\template\loader_tags.py", line 159, in render
    return compiled_parent._render(context)
           ~~~~~~~~~~~~~~~~~~~~~~~^^^^^^^^^
  File "C:\Users\hp\AppData\Local\Programs\Python\Python313\Lib\site-packages\django\template\base.py", line 163, in _render
    return self.nodelist.render(context)
           ~~~~~~~~~~~~~~~~~~~~^^^^^^^^^
  File "C:\Users\hp\AppData\Local\Programs\Python\Python313\Lib\site-packages\django\template\base.py", line 1016, in render
    return SafeString("".join([node.render_annotated(context) for node in self]))
                               ~~~~~~~~~~~~~~~~~~~~~^^^^^^^^^
  File "C:\Users\hp\AppData\Local\Programs\Python\Python313\Lib\site-packages\django\template\base.py", line 977, in render_annotated
    return self.render(context)
           ~~~~~~~~~~~^^^^^^^^^
  File "C:\Users\hp\AppData\Local\Programs\Python\Python313\Lib\site-packages\django\template\loader_tags.py", line 65, in render
    result = block.nodelist.render(context)
  File "C:\Users\hp\AppData\Local\Programs\Python\Python313\Lib\site-packages\django\template\base.py", line 1016, in render
    return SafeString("".join([node.render_annotated(context) for node in self]))
                               ~~~~~~~~~~~~~~~~~~~~~^^^^^^^^^
  File "C:\Users\hp\AppData\Local\Programs\Python\Python313\Lib\site-packages\django\template\base.py", line 977, in render_annotated
    return self.render(context)
           ~~~~~~~~~~~^^^^^^^^^
  File "C:\Users\hp\AppData\Local\Programs\Python\Python313\Lib\site-packages\django\template\defaulttags.py", line 480, in render
    url = reverse(view_name, args=args, kwargs=kwargs, current_app=current_app)
  File "C:\Users\hp\AppData\Local\Programs\Python\Python313\Lib\site-packages\django\urls\base.py", line 98, in reverse
    resolved_url = resolver._reverse_with_prefix(view, prefix, *args, **kwargs)
  File "C:\Users\hp\AppData\Local\Programs\Python\Python313\Lib\site-packages\django\urls\resolvers.py", line 831, in _reverse_with_prefix
    raise NoReverseMatch(msg)
django.urls.exceptions.NoReverseMatch: Reverse for 'AddStudent' not found. 'AddStudent' is not a valid view function or pattern name.
ERROR 2025-09-06 20:46:41,538 basehttp 6692 17696 "GET /Student/show/ HTTP/1.1" 500 174390
ERROR 2025-09-06 20:46:45,601 log 6692 17696 Internal Server Error: /User/profile/
Traceback (most recent call last):
  File "C:\Users\hp\AppData\Local\Programs\Python\Python313\Lib\site-packages\django\template\base.py", line 510, in parse
    compile_func = self.tags[command]
                   ~~~~~~~~~^^^^^^^^^
KeyError: 'static'

During handling of the above exception, another exception occurred:

Traceback (most recent call last):
  File "C:\Users\hp\AppData\Local\Programs\Python\Python313\Lib\site-packages\django\core\handlers\exception.py", line 55, in inner
    response = get_response(request)
  File "C:\Users\hp\AppData\Local\Programs\Python\Python313\Lib\site-packages\django\core\handlers\base.py", line 197, in _get_response
    response = wrapped_callback(request, *callback_args, **callback_kwargs)
  File "C:\Users\hp\AppData\Local\Programs\Python\Python313\Lib\site-packages\django\contrib\auth\decorators.py", line 59, in _view_wrapper
    return view_func(request, *args, **kwargs)
  File "C:\Users\hp\Labs_SoftWare-Engineering\Lab6\School\User\views.py", line 64, in profile_view
    return render(request, 'profile.html', {'profile': profile})
  File "C:\Users\hp\AppData\Local\Programs\Python\Python313\Lib\site-packages\django\shortcuts.py", line 25, in render
    content = loader.render_to_string(template_name, context, request, using=using)
  File "C:\Users\hp\AppData\Local\Programs\Python\Python313\Lib\site-packages\django\template\loader.py", line 61, in render_to_string
    template = get_template(template_name, using=using)
  File "C:\Users\hp\AppData\Local\Programs\Python\Python313\Lib\site-packages\django\template\loader.py", line 15, in get_template
    return engine.get_template(template_name)
           ~~~~~~~~~~~~~~~~~~~^^^^^^^^^^^^^^^
  File "C:\Users\hp\AppData\Local\Programs\Python\Python313\Lib\site-packages\django\template\backends\django.py", line 79, in get_template
    return Template(self.engine.get_template(template_name), self)
                    ~~~~~~~~~~~~~~~~~~~~~~~~^^^^^^^^^^^^^^^
  File "C:\Users\hp\AppData\Local\Programs\Python\Python313\Lib\site-packages\django\template\engine.py", line 177, in get_template
    template, origin = self.find_template(template_name)
                       ~~~~~~~~~~~~~~~~~~^^^^^^^^^^^^^^^
  File "C:\Users\hp\AppData\Local\Programs\Python\Python313\Lib\site-packages\django\template\engine.py", line 159, in find_template
    template = loader.get_template(name, skip=skip)
  File "C:\Users\hp\AppData\Local\Programs\Python\Python313\Lib\site-packages\django\template\loaders\cached.py", line 57, in get_template
    template = super().get_template(template_name, skip)
  File "C:\Users\hp\AppData\Local\Programs\Python\Python313\Lib\site-packages\django\template\loaders\base.py", line 28, in get_template
    return Template(
        contents,
    ...<2 lines>...
        self.engine,
    )
  File "C:\Users\hp\AppData\Local\Programs\Python\Python313\Lib\site-packages\django\template\base.py", line 154, in __init__
    self.nodelist = self.compile_nodelist()
                    ~~~~~~~~~~~~~~~~~~~~~^^
  File "C:\Users\hp\AppData\Local\Programs\Python\Python313\Lib\site-packages\django\template\base.py", line 196, in compile_nodelist
    nodelist = parser.parse()
  File "C:\Users\hp\AppData\Local\Programs\Python\Python313\Lib\site-packages\django\template\base.py", line 518, in parse
    raise self.error(token, e)
  File "C:\Users\hp\AppData\Local\Programs\Python\Python313\Lib\site-packages\django\template\base.py", line 516, in parse
    compiled_result = compile_func(self, token)
  File "C:\Users\hp\AppData\Local\Programs\Python\Python313\Lib\site-packages\django\template\loader_tags.py", line 299, in do_extends
    nodelist = parser.parse()
  File "C:\Users\hp\AppData\Local\Programs\Python\Python313\Lib\site-packages\django\template\base.py", line 518, in parse
    raise self.error(token, e)
  File "C:\Users\hp\AppData\Local\Programs\Python\Python313\Lib\site-packages\django\template\base.py", line 516, in parse
    compiled_result = compile_func(self, token)
  File "C:\Users\hp\AppData\Local\Programs\Python\Python313\Lib\site-packages\django\template\loader_tags.py", line 234, in do_block
    nodelist = parser.parse(("endblock",))
  File "C:\Users\hp\AppData\Local\Programs\Python\Python313\Lib\site-packages\django\template\base.py", line 518, in parse
    raise self.error(token, e)
  File "C:\Users\hp\AppData\Local\Programs\Python\Python313\Lib\site-packages\django\template\base.py", line 516, in parse
    compiled_result = compile_func(self, token)
  File "C:\Users\hp\AppData\Local\Programs\Python\Python313\Lib\site-packages\django\template\defaulttags.py", line 976, in do_if
    nodelist = parser.parse(("endif",))
  File "C:\Users\hp\AppData\Local\Programs\Python\Python313\Lib\site-packages\django\template\base.py", line 512, in parse
    self.invalid_block_tag(token, command, parse_until)
    ~~~~~~~~~~~~~~~~~~~~~~^^^^^^^^^^^^^^^^^^^^^^^^^^^^^
  File "C:\Users\hp\AppData\Local\Programs\Python\Python313\Lib\site-packages\django\template\base.py", line 567, in invalid_block_tag
    raise self.error(
    ...<8 lines>...
    )
django.template.exceptions.TemplateSyntaxError: Invalid block tag on line 22: 'static', expected 'endif'. Did you forget to register or load this tag?
ERROR 2025-09-06 20:46:45,628 basehttp 6692 17696 "GET /User/profile/ HTTP/1.1" 500 207423
INFO 2025-09-06 20:47:13,471 autoreload 11296 11216 Watching for file changes with StatReloader
INFO 2025-09-06 20:48:19,460 basehttp 6692 17428 "GET /Teacher/show/ HTTP/1.1" 200 5401
INFO 2025-09-06 20:48:19,551 basehttp 6692 17428 "GET /static/styles.css HTTP/1.1" 304 0
INFO 2025-09-06 20:48:25,223 basehttp 6692 17428 "GET /Student/ HTTP/1.1" 200 5854
ERROR 2025-09-06 20:48:26,807 log 6692 17428 Internal Server Error: /Student/show/
Traceback (most recent call last):
  File "C:\Users\hp\AppData\Local\Programs\Python\Python313\Lib\site-packages\django\core\handlers\exception.py", line 55, in inner
    response = get_response(request)
  File "C:\Users\hp\AppData\Local\Programs\Python\Python313\Lib\site-packages\django\core\handlers\base.py", line 197, in _get_response
    response = wrapped_callback(request, *callback_args, **callback_kwargs)
  File "C:\Users\hp\AppData\Local\Programs\Python\Python313\Lib\site-packages\django\contrib\auth\decorators.py", line 59, in _view_wrapper
    return view_func(request, *args, **kwargs)
  File "C:\Users\hp\Labs_SoftWare-Engineering\Lab6\School\Student\views.py", line 17, in ShowAll
    return render(request,"ShowAll.html",{"st":st})
  File "C:\Users\hp\AppData\Local\Programs\Python\Python313\Lib\site-packages\django\shortcuts.py", line 25, in render
    content = loader.render_to_string(template_name, context, request, using=using)
  File "C:\Users\hp\AppData\Local\Programs\Python\Python313\Lib\site-packages\django\template\loader.py", line 62, in render_to_string
    return template.render(context, request)
           ~~~~~~~~~~~~~~~^^^^^^^^^^^^^^^^^^
  File "C:\Users\hp\AppData\Local\Programs\Python\Python313\Lib\site-packages\django\template\backends\django.py", line 107, in render
    return self.template.render(context)
           ~~~~~~~~~~~~~~~~~~~~^^^^^^^^^
  File "C:\Users\hp\AppData\Local\Programs\Python\Python313\Lib\site-packages\django\template\base.py", line 171, in render
    return self._render(context)
           ~~~~~~~~~~~~^^^^^^^^^
  File "C:\Users\hp\AppData\Local\Programs\Python\Python313\Lib\site-packages\django\template\base.py", line 163, in _render
    return self.nodelist.render(context)
           ~~~~~~~~~~~~~~~~~~~~^^^^^^^^^
  File "C:\Users\hp\AppData\Local\Programs\Python\Python313\Lib\site-packages\django\template\base.py", line 1016, in render
    return SafeString("".join([node.render_annotated(context) for node in self]))
                               ~~~~~~~~~~~~~~~~~~~~~^^^^^^^^^
  File "C:\Users\hp\AppData\Local\Programs\Python\Python313\Lib\site-packages\django\template\base.py", line 977, in render_annotated
    return self.render(context)
           ~~~~~~~~~~~^^^^^^^^^
  File "C:\Users\hp\AppData\Local\Programs\Python\Python313\Lib\site-packages\django\template\loader_tags.py", line 159, in render
    return compiled_parent._render(context)
           ~~~~~~~~~~~~~~~~~~~~~~~^^^^^^^^^
  File "C:\Users\hp\AppData\Local\Programs\Python\Python313\Lib\site-packages\django\template\base.py", line 163, in _render
    return self.nodelist.render(context)
           ~~~~~~~~~~~~~~~~~~~~^^^^^^^^^
  File "C:\Users\hp\AppData\Local\Programs\Python\Python313\Lib\site-packages\django\template\base.py", line 1016, in render
    return SafeString("".join([node.render_annotated(context) for node in self]))
                               ~~~~~~~~~~~~~~~~~~~~~^^^^^^^^^
  File "C:\Users\hp\AppData\Local\Programs\Python\Python313\Lib\site-packages\django\template\base.py", line 977, in render_annotated
    return self.render(context)
           ~~~~~~~~~~~^^^^^^^^^
  File "C:\Users\hp\AppData\Local\Programs\Python\Python313\Lib\site-packages\django\template\loader_tags.py", line 65, in render
    result = block.nodelist.render(context)
  File "C:\Users\hp\AppData\Local\Programs\Python\Python313\Lib\site-packages\django\template\base.py", line 1016, in render
    return SafeString("".join([node.render_annotated(context) for node in self]))
                               ~~~~~~~~~~~~~~~~~~~~~^^^^^^^^^
  File "C:\Users\hp\AppData\Local\Programs\Python\Python313\Lib\site-packages\django\template\base.py", line 977, in render_annotated
    return self.render(context)
           ~~~~~~~~~~~^^^^^^^^^
  File "C:\Users\hp\AppData\Local\Programs\Python\Python313\Lib\site-packages\django\template\defaulttags.py", line 480, in render
    url = reverse(view_name, args=args, kwargs=kwargs, current_app=current_app)
  File "C:\Users\hp\AppData\Local\Programs\Python\Python313\Lib\site-packages\django\urls\base.py", line 98, in reverse
    resolved_url = resolver._reverse_with_prefix(view, prefix, *args, **kwargs)
  File "C:\Users\hp\AppData\Local\Programs\Python\Python313\Lib\site-packages\django\urls\resolvers.py", line 831, in _reverse_with_prefix
    raise NoReverseMatch(msg)
django.urls.exceptions.NoReverseMatch: Reverse for 'AddStudent' not found. 'AddStudent' is not a valid view function or pattern name.
ERROR 2025-09-06 20:48:26,818 basehttp 6692 17428 "GET /Student/show/ HTTP/1.1" 500 174385
INFO 2025-09-06 20:48:56,708 basehttp 6692 1052 "GET / HTTP/1.1" 302 0
INFO 2025-09-06 20:48:56,726 basehttp 6692 1052 "GET /Student/ HTTP/1.1" 200 5854
ERROR 2025-09-06 20:49:00,393 log 6692 1052 Internal Server Error: /Student/show/
Traceback (most recent call last):
  File "C:\Users\hp\AppData\Local\Programs\Python\Python313\Lib\site-packages\django\core\handlers\exception.py", line 55, in inner
    response = get_response(request)
  File "C:\Users\hp\AppData\Local\Programs\Python\Python313\Lib\site-packages\django\core\handlers\base.py", line 197, in _get_response
    response = wrapped_callback(request, *callback_args, **callback_kwargs)
  File "C:\Users\hp\AppData\Local\Programs\Python\Python313\Lib\site-packages\django\contrib\auth\decorators.py", line 59, in _view_wrapper
    return view_func(request, *args, **kwargs)
  File "C:\Users\hp\Labs_SoftWare-Engineering\Lab6\School\Student\views.py", line 17, in ShowAll
    return render(request,"ShowAll.html",{"st":st})
  File "C:\Users\hp\AppData\Local\Programs\Python\Python313\Lib\site-packages\django\shortcuts.py", line 25, in render
    content = loader.render_to_string(template_name, context, request, using=using)
  File "C:\Users\hp\AppData\Local\Programs\Python\Python313\Lib\site-packages\django\template\loader.py", line 62, in render_to_string
    return template.render(context, request)
           ~~~~~~~~~~~~~~~^^^^^^^^^^^^^^^^^^
  File "C:\Users\hp\AppData\Local\Programs\Python\Python313\Lib\site-packages\django\template\backends\django.py", line 107, in render
    return self.template.render(context)
           ~~~~~~~~~~~~~~~~~~~~^^^^^^^^^
  File "C:\Users\hp\AppData\Local\Programs\Python\Python313\Lib\site-packages\django\template\base.py", line 171, in render
    return self._render(context)
           ~~~~~~~~~~~~^^^^^^^^^
  File "C:\Users\hp\AppData\Local\Programs\Python\Python313\Lib\site-packages\django\template\base.py", line 163, in _render
    return self.nodelist.render(context)
           ~~~~~~~~~~~~~~~~~~~~^^^^^^^^^
  File "C:\Users\hp\AppData\Local\Programs\Python\Python313\Lib\site-packages\django\template\base.py", line 1016, in render
    return SafeString("".join([node.render_annotated(context) for node in self]))
                               ~~~~~~~~~~~~~~~~~~~~~^^^^^^^^^
  File "C:\Users\hp\AppData\Local\Programs\Python\Python313\Lib\site-packages\django\template\base.py", line 977, in render_annotated
    return self.render(context)
           ~~~~~~~~~~~^^^^^^^^^
  File "C:\Users\hp\AppData\Local\Programs\Python\Python313\Lib\site-packages\django\template\loader_tags.py", line 159, in render
    return compiled_parent._render(context)
           ~~~~~~~~~~~~~~~~~~~~~~~^^^^^^^^^
  File "C:\Users\hp\AppData\Local\Programs\Python\Python313\Lib\site-packages\django\template\base.py", line 163, in _render
    return self.nodelist.render(context)
           ~~~~~~~~~~~~~~~~~~~~^^^^^^^^^
  File "C:\Users\hp\AppData\Local\Programs\Python\Python313\Lib\site-packages\django\template\base.py", line 1016, in render
    return SafeString("".join([node.render_annotated(context) for node in self]))
                               ~~~~~~~~~~~~~~~~~~~~~^^^^^^^^^
  File "C:\Users\hp\AppData\Local\Programs\Python\Python313\Lib\site-packages\django\template\base.py", line 977, in render_annotated
    return self.render(context)
           ~~~~~~~~~~~^^^^^^^^^
  File "C:\Users\hp\AppData\Local\Programs\Python\Python313\Lib\site-packages\django\template\loader_tags.py", line 65, in render
    result = block.nodelist.render(context)
  File "C:\Users\hp\AppData\Local\Programs\Python\Python313\Lib\site-packages\django\template\base.py", line 1016, in render
    return SafeString("".join([node.render_annotated(context) for node in self]))
                               ~~~~~~~~~~~~~~~~~~~~~^^^^^^^^^
  File "C:\Users\hp\AppData\Local\Programs\Python\Python313\Lib\site-packages\django\template\base.py", line 977, in render_annotated
    return self.render(context)
           ~~~~~~~~~~~^^^^^^^^^
  File "C:\Users\hp\AppData\Local\Programs\Python\Python313\Lib\site-packages\django\template\defaulttags.py", line 480, in render
    url = reverse(view_name, args=args, kwargs=kwargs, current_app=current_app)
  File "C:\Users\hp\AppData\Local\Programs\Python\Python313\Lib\site-packages\django\urls\base.py", line 98, in reverse
    resolved_url = resolver._reverse_with_prefix(view, prefix, *args, **kwargs)
  File "C:\Users\hp\AppData\Local\Programs\Python\Python313\Lib\site-packages\django\urls\resolvers.py", line 831, in _reverse_with_prefix
    raise NoReverseMatch(msg)
django.urls.exceptions.NoReverseMatch: Reverse for 'AddStudent' not found. 'AddStudent' is not a valid view function or pattern name.
ERROR 2025-09-06 20:49:00,442 basehttp 6692 1052 "GET /Student/show/ HTTP/1.1" 500 174385
INFO 2025-09-06 20:50:22,429 basehttp 6692 1052 "GET /Student/show/ HTTP/1.1" 200 5764
INFO 2025-09-06 20:50:27,825 basehttp 6692 1052 "GET /Student/edit/1 HTTP/1.1" 200 3789
INFO 2025-09-06 20:50:35,995 basehttp 6692 1052 "GET /Student/add/ HTTP/1.1" 200 3706
ERROR 2025-09-06 20:50:45,949 log 6692 1052 Internal Server Error: /User/profile/
Traceback (most recent call last):
  File "C:\Users\hp\AppData\Local\Programs\Python\Python313\Lib\site-packages\django\template\base.py", line 510, in parse
    compile_func = self.tags[command]
                   ~~~~~~~~~^^^^^^^^^
KeyError: 'static'

During handling of the above exception, another exception occurred:

Traceback (most recent call last):
  File "C:\Users\hp\AppData\Local\Programs\Python\Python313\Lib\site-packages\django\core\handlers\exception.py", line 55, in inner
    response = get_response(request)
  File "C:\Users\hp\AppData\Local\Programs\Python\Python313\Lib\site-packages\django\core\handlers\base.py", line 197, in _get_response
    response = wrapped_callback(request, *callback_args, **callback_kwargs)
  File "C:\Users\hp\AppData\Local\Programs\Python\Python313\Lib\site-packages\django\contrib\auth\decorators.py", line 59, in _view_wrapper
    return view_func(request, *args, **kwargs)
  File "C:\Users\hp\Labs_SoftWare-Engineering\Lab6\School\User\views.py", line 64, in profile_view
    return render(request, 'profile.html', {'profile': profile})
  File "C:\Users\hp\AppData\Local\Programs\Python\Python313\Lib\site-packages\django\shortcuts.py", line 25, in render
    content = loader.render_to_string(template_name, context, request, using=using)
  File "C:\Users\hp\AppData\Local\Programs\Python\Python313\Lib\site-packages\django\template\loader.py", line 61, in render_to_string
    template = get_template(template_name, using=using)
  File "C:\Users\hp\AppData\Local\Programs\Python\Python313\Lib\site-packages\django\template\loader.py", line 15, in get_template
    return engine.get_template(template_name)
           ~~~~~~~~~~~~~~~~~~~^^^^^^^^^^^^^^^
  File "C:\Users\hp\AppData\Local\Programs\Python\Python313\Lib\site-packages\django\template\backends\django.py", line 79, in get_template
    return Template(self.engine.get_template(template_name), self)
                    ~~~~~~~~~~~~~~~~~~~~~~~~^^^^^^^^^^^^^^^
  File "C:\Users\hp\AppData\Local\Programs\Python\Python313\Lib\site-packages\django\template\engine.py", line 177, in get_template
    template, origin = self.find_template(template_name)
                       ~~~~~~~~~~~~~~~~~~^^^^^^^^^^^^^^^
  File "C:\Users\hp\AppData\Local\Programs\Python\Python313\Lib\site-packages\django\template\engine.py", line 159, in find_template
    template = loader.get_template(name, skip=skip)
  File "C:\Users\hp\AppData\Local\Programs\Python\Python313\Lib\site-packages\django\template\loaders\cached.py", line 57, in get_template
    template = super().get_template(template_name, skip)
  File "C:\Users\hp\AppData\Local\Programs\Python\Python313\Lib\site-packages\django\template\loaders\base.py", line 28, in get_template
    return Template(
        contents,
    ...<2 lines>...
        self.engine,
    )
  File "C:\Users\hp\AppData\Local\Programs\Python\Python313\Lib\site-packages\django\template\base.py", line 154, in __init__
    self.nodelist = self.compile_nodelist()
                    ~~~~~~~~~~~~~~~~~~~~~^^
  File "C:\Users\hp\AppData\Local\Programs\Python\Python313\Lib\site-packages\django\template\base.py", line 196, in compile_nodelist
    nodelist = parser.parse()
  File "C:\Users\hp\AppData\Local\Programs\Python\Python313\Lib\site-packages\django\template\base.py", line 518, in parse
    raise self.error(token, e)
  File "C:\Users\hp\AppData\Local\Programs\Python\Python313\Lib\site-packages\django\template\base.py", line 516, in parse
    compiled_result = compile_func(self, token)
  File "C:\Users\hp\AppData\Local\Programs\Python\Python313\Lib\site-packages\django\template\loader_tags.py", line 299, in do_extends
    nodelist = parser.parse()
  File "C:\Users\hp\AppData\Local\Programs\Python\Python313\Lib\site-packages\django\template\base.py", line 518, in parse
    raise self.error(token, e)
  File "C:\Users\hp\AppData\Local\Programs\Python\Python313\Lib\site-packages\django\template\base.py", line 516, in parse
    compiled_result = compile_func(self, token)
  File "C:\Users\hp\AppData\Local\Programs\Python\Python313\Lib\site-packages\django\template\loader_tags.py", line 234, in do_block
    nodelist = parser.parse(("endblock",))
  File "C:\Users\hp\AppData\Local\Programs\Python\Python313\Lib\site-packages\django\template\base.py", line 518, in parse
    raise self.error(token, e)
  File "C:\Users\hp\AppData\Local\Programs\Python\Python313\Lib\site-packages\django\template\base.py", line 516, in parse
    compiled_result = compile_func(self, token)
  File "C:\Users\hp\AppData\Local\Programs\Python\Python313\Lib\site-packages\django\template\defaulttags.py", line 976, in do_if
    nodelist = parser.parse(("endif",))
  File "C:\Users\hp\AppData\Local\Programs\Python\Python313\Lib\site-packages\django\template\base.py", line 512, in parse
    self.invalid_block_tag(token, command, parse_until)
    ~~~~~~~~~~~~~~~~~~~~~~^^^^^^^^^^^^^^^^^^^^^^^^^^^^^
  File "C:\Users\hp\AppData\Local\Programs\Python\Python313\Lib\site-packages\django\template\base.py", line 567, in invalid_block_tag
    raise self.error(
    ...<8 lines>...
    )
django.template.exceptions.TemplateSyntaxError: Invalid block tag on line 22: 'static', expected 'endif'. Did you forget to register or load this tag?
ERROR 2025-09-06 20:50:45,965 basehttp 6692 1052 "GET /User/profile/ HTTP/1.1" 500 207423
ERROR 2025-09-06 20:53:31,384 log 6692 1052 Internal Server Error: /User/profile/
Traceback (most recent call last):
  File "C:\Users\hp\AppData\Local\Programs\Python\Python313\Lib\site-packages\django\template\base.py", line 510, in parse
    compile_func = self.tags[command]
                   ~~~~~~~~~^^^^^^^^^
KeyError: 'static'

During handling of the above exception, another exception occurred:

Traceback (most recent call last):
  File "C:\Users\hp\AppData\Local\Programs\Python\Python313\Lib\site-packages\django\core\handlers\exception.py", line 55, in inner
    response = get_response(request)
  File "C:\Users\hp\AppData\Local\Programs\Python\Python313\Lib\site-packages\django\core\handlers\base.py", line 197, in _get_response
    response = wrapped_callback(request, *callback_args, **callback_kwargs)
  File "C:\Users\hp\AppData\Local\Programs\Python\Python313\Lib\site-packages\django\contrib\auth\decorators.py", line 59, in _view_wrapper
    return view_func(request, *args, **kwargs)
  File "C:\Users\hp\Labs_SoftWare-Engineering\Lab6\School\User\views.py", line 64, in profile_view
    return render(request, 'profile.html', {'profile': profile})
  File "C:\Users\hp\AppData\Local\Programs\Python\Python313\Lib\site-packages\django\shortcuts.py", line 25, in render
    content = loader.render_to_string(template_name, context, request, using=using)
  File "C:\Users\hp\AppData\Local\Programs\Python\Python313\Lib\site-packages\django\template\loader.py", line 61, in render_to_string
    template = get_template(template_name, using=using)
  File "C:\Users\hp\AppData\Local\Programs\Python\Python313\Lib\site-packages\django\template\loader.py", line 15, in get_template
    return engine.get_template(template_name)
           ~~~~~~~~~~~~~~~~~~~^^^^^^^^^^^^^^^
  File "C:\Users\hp\AppData\Local\Programs\Python\Python313\Lib\site-packages\django\template\backends\django.py", line 79, in get_template
    return Template(self.engine.get_template(template_name), self)
                    ~~~~~~~~~~~~~~~~~~~~~~~~^^^^^^^^^^^^^^^
  File "C:\Users\hp\AppData\Local\Programs\Python\Python313\Lib\site-packages\django\template\engine.py", line 177, in get_template
    template, origin = self.find_template(template_name)
                       ~~~~~~~~~~~~~~~~~~^^^^^^^^^^^^^^^
  File "C:\Users\hp\AppData\Local\Programs\Python\Python313\Lib\site-packages\django\template\engine.py", line 159, in find_template
    template = loader.get_template(name, skip=skip)
  File "C:\Users\hp\AppData\Local\Programs\Python\Python313\Lib\site-packages\django\template\loaders\cached.py", line 57, in get_template
    template = super().get_template(template_name, skip)
  File "C:\Users\hp\AppData\Local\Programs\Python\Python313\Lib\site-packages\django\template\loaders\base.py", line 28, in get_template
    return Template(
        contents,
    ...<2 lines>...
        self.engine,
    )
  File "C:\Users\hp\AppData\Local\Programs\Python\Python313\Lib\site-packages\django\template\base.py", line 154, in __init__
    self.nodelist = self.compile_nodelist()
                    ~~~~~~~~~~~~~~~~~~~~~^^
  File "C:\Users\hp\AppData\Local\Programs\Python\Python313\Lib\site-packages\django\template\base.py", line 196, in compile_nodelist
    nodelist = parser.parse()
  File "C:\Users\hp\AppData\Local\Programs\Python\Python313\Lib\site-packages\django\template\base.py", line 518, in parse
    raise self.error(token, e)
  File "C:\Users\hp\AppData\Local\Programs\Python\Python313\Lib\site-packages\django\template\base.py", line 516, in parse
    compiled_result = compile_func(self, token)
  File "C:\Users\hp\AppData\Local\Programs\Python\Python313\Lib\site-packages\django\template\loader_tags.py", line 299, in do_extends
    nodelist = parser.parse()
  File "C:\Users\hp\AppData\Local\Programs\Python\Python313\Lib\site-packages\django\template\base.py", line 518, in parse
    raise self.error(token, e)
  File "C:\Users\hp\AppData\Local\Programs\Python\Python313\Lib\site-packages\django\template\base.py", line 516, in parse
    compiled_result = compile_func(self, token)
  File "C:\Users\hp\AppData\Local\Programs\Python\Python313\Lib\site-packages\django\template\loader_tags.py", line 234, in do_block
    nodelist = parser.parse(("endblock",))
  File "C:\Users\hp\AppData\Local\Programs\Python\Python313\Lib\site-packages\django\template\base.py", line 518, in parse
    raise self.error(token, e)
  File "C:\Users\hp\AppData\Local\Programs\Python\Python313\Lib\site-packages\django\template\base.py", line 516, in parse
    compiled_result = compile_func(self, token)
  File "C:\Users\hp\AppData\Local\Programs\Python\Python313\Lib\site-packages\django\template\defaulttags.py", line 976, in do_if
    nodelist = parser.parse(("endif",))
  File "C:\Users\hp\AppData\Local\Programs\Python\Python313\Lib\site-packages\django\template\base.py", line 512, in parse
    self.invalid_block_tag(token, command, parse_until)
    ~~~~~~~~~~~~~~~~~~~~~~^^^^^^^^^^^^^^^^^^^^^^^^^^^^^
  File "C:\Users\hp\AppData\Local\Programs\Python\Python313\Lib\site-packages\django\template\base.py", line 567, in invalid_block_tag
    raise self.error(
    ...<8 lines>...
    )
django.template.exceptions.TemplateSyntaxError: Invalid block tag on line 22: 'static', expected 'endif'. Did you forget to register or load this tag?
ERROR 2025-09-06 20:53:31,449 basehttp 6692 1052 "GET /User/profile/ HTTP/1.1" 500 207560
INFO 2025-09-06 20:53:35,631 basehttp 6692 10008 "GET /Student/delete/3 HTTP/1.1" 200 2040
INFO 2025-09-06 20:53:35,684 basehttp 6692 10008 "GET /static/styles.css HTTP/1.1" 304 0
INFO 2025-09-06 20:53:36,377 autoreload 12328 20008 Watching for file changes with StatReloader
INFO 2025-09-06 20:53:40,221 basehttp 6692 10008 "GET /Student/show/ HTTP/1.1" 200 5764
INFO 2025-09-06 20:53:44,012 basehttp 6692 12208 "GET /Teacher/show/ HTTP/1.1" 200 5401
INFO 2025-09-06 20:53:46,130 basehttp 6692 12208 "GET /Teacher/DeleteTeacher/5 HTTP/1.1" 200 1708
INFO 2025-09-06 20:53:49,166 basehttp 6692 12208 "GET /Teacher/show/ HTTP/1.1" 200 4613
INFO 2025-09-06 20:53:53,029 basehttp 6692 12208 "GET /Student/ HTTP/1.1" 200 5854
INFO 2025-09-06 20:54:50,843 basehttp 6692 3924 "GET /Student/show/ HTTP/1.1" 200 5764
ERROR 2025-09-06 20:54:52,669 log 6692 3924 Internal Server Error: /User/profile/
Traceback (most recent call last):
  File "C:\Users\hp\AppData\Local\Programs\Python\Python313\Lib\site-packages\django\template\base.py", line 510, in parse
    compile_func = self.tags[command]
                   ~~~~~~~~~^^^^^^^^^
KeyError: 'static'

During handling of the above exception, another exception occurred:

Traceback (most recent call last):
  File "C:\Users\hp\AppData\Local\Programs\Python\Python313\Lib\site-packages\django\core\handlers\exception.py", line 55, in inner
    response = get_response(request)
  File "C:\Users\hp\AppData\Local\Programs\Python\Python313\Lib\site-packages\django\core\handlers\base.py", line 197, in _get_response
    response = wrapped_callback(request, *callback_args, **callback_kwargs)
  File "C:\Users\hp\AppData\Local\Programs\Python\Python313\Lib\site-packages\django\contrib\auth\decorators.py", line 59, in _view_wrapper
    return view_func(request, *args, **kwargs)
  File "C:\Users\hp\Labs_SoftWare-Engineering\Lab6\School\User\views.py", line 64, in profile_view
    return render(request, 'profile.html', {'profile': profile})
  File "C:\Users\hp\AppData\Local\Programs\Python\Python313\Lib\site-packages\django\shortcuts.py", line 25, in render
    content = loader.render_to_string(template_name, context, request, using=using)
  File "C:\Users\hp\AppData\Local\Programs\Python\Python313\Lib\site-packages\django\template\loader.py", line 61, in render_to_string
    template = get_template(template_name, using=using)
  File "C:\Users\hp\AppData\Local\Programs\Python\Python313\Lib\site-packages\django\template\loader.py", line 15, in get_template
    return engine.get_template(template_name)
           ~~~~~~~~~~~~~~~~~~~^^^^^^^^^^^^^^^
  File "C:\Users\hp\AppData\Local\Programs\Python\Python313\Lib\site-packages\django\template\backends\django.py", line 79, in get_template
    return Template(self.engine.get_template(template_name), self)
                    ~~~~~~~~~~~~~~~~~~~~~~~~^^^^^^^^^^^^^^^
  File "C:\Users\hp\AppData\Local\Programs\Python\Python313\Lib\site-packages\django\template\engine.py", line 177, in get_template
    template, origin = self.find_template(template_name)
                       ~~~~~~~~~~~~~~~~~~^^^^^^^^^^^^^^^
  File "C:\Users\hp\AppData\Local\Programs\Python\Python313\Lib\site-packages\django\template\engine.py", line 159, in find_template
    template = loader.get_template(name, skip=skip)
  File "C:\Users\hp\AppData\Local\Programs\Python\Python313\Lib\site-packages\django\template\loaders\cached.py", line 57, in get_template
    template = super().get_template(template_name, skip)
  File "C:\Users\hp\AppData\Local\Programs\Python\Python313\Lib\site-packages\django\template\loaders\base.py", line 28, in get_template
    return Template(
        contents,
    ...<2 lines>...
        self.engine,
    )
  File "C:\Users\hp\AppData\Local\Programs\Python\Python313\Lib\site-packages\django\template\base.py", line 154, in __init__
    self.nodelist = self.compile_nodelist()
                    ~~~~~~~~~~~~~~~~~~~~~^^
  File "C:\Users\hp\AppData\Local\Programs\Python\Python313\Lib\site-packages\django\template\base.py", line 196, in compile_nodelist
    nodelist = parser.parse()
  File "C:\Users\hp\AppData\Local\Programs\Python\Python313\Lib\site-packages\django\template\base.py", line 518, in parse
    raise self.error(token, e)
  File "C:\Users\hp\AppData\Local\Programs\Python\Python313\Lib\site-packages\django\template\base.py", line 516, in parse
    compiled_result = compile_func(self, token)
  File "C:\Users\hp\AppData\Local\Programs\Python\Python313\Lib\site-packages\django\template\loader_tags.py", line 299, in do_extends
    nodelist = parser.parse()
  File "C:\Users\hp\AppData\Local\Programs\Python\Python313\Lib\site-packages\django\template\base.py", line 518, in parse
    raise self.error(token, e)
  File "C:\Users\hp\AppData\Local\Programs\Python\Python313\Lib\site-packages\django\template\base.py", line 516, in parse
    compiled_result = compile_func(self, token)
  File "C:\Users\hp\AppData\Local\Programs\Python\Python313\Lib\site-packages\django\template\loader_tags.py", line 234, in do_block
    nodelist = parser.parse(("endblock",))
  File "C:\Users\hp\AppData\Local\Programs\Python\Python313\Lib\site-packages\django\template\base.py", line 518, in parse
    raise self.error(token, e)
  File "C:\Users\hp\AppData\Local\Programs\Python\Python313\Lib\site-packages\django\template\base.py", line 516, in parse
    compiled_result = compile_func(self, token)
  File "C:\Users\hp\AppData\Local\Programs\Python\Python313\Lib\site-packages\django\template\defaulttags.py", line 976, in do_if
    nodelist = parser.parse(("endif",))
  File "C:\Users\hp\AppData\Local\Programs\Python\Python313\Lib\site-packages\django\template\base.py", line 512, in parse
    self.invalid_block_tag(token, command, parse_until)
    ~~~~~~~~~~~~~~~~~~~~~~^^^^^^^^^^^^^^^^^^^^^^^^^^^^^
  File "C:\Users\hp\AppData\Local\Programs\Python\Python313\Lib\site-packages\django\template\base.py", line 567, in invalid_block_tag
    raise self.error(
    ...<8 lines>...
    )
django.template.exceptions.TemplateSyntaxError: Invalid block tag on line 22: 'static', expected 'endif'. Did you forget to register or load this tag?
ERROR 2025-09-06 20:54:52,684 basehttp 6692 3924 "GET /User/profile/ HTTP/1.1" 500 207423
INFO 2025-09-06 20:56:45,709 basehttp 6692 7708 "GET / HTTP/1.1" 302 0
INFO 2025-09-06 20:56:45,725 basehttp 6692 7708 "GET /Student/ HTTP/1.1" 200 5854
INFO 2025-09-06 20:56:48,944 basehttp 6692 7708 "GET /Student/show/ HTTP/1.1" 200 5764
INFO 2025-09-06 20:56:49,007 basehttp 6692 7708 "GET /static/styles.css HTTP/1.1" 304 0
INFO 2025-09-06 20:56:50,757 basehttp 6692 7708 "GET /User/profile/ HTTP/1.1" 200 3396
WARNING 2025-09-06 20:56:51,030 basehttp 6692 7708 "GET /static/default_profile.png HTTP/1.1" 404 1984
INFO 2025-09-06 20:57:18,576 basehttp 6692 18964 "GET /User/logout/ HTTP/1.1" 302 0
INFO 2025-09-06 20:57:18,703 basehttp 6692 18964 "GET /User/login/ HTTP/1.1" 200 2410
INFO 2025-09-06 20:57:30,524 basehttp 6692 18964 "GET /User/register/ HTTP/1.1" 200 2577
INFO 2025-09-06 20:58:02,635 basehttp 6692 18964 "POST /User/register/ HTTP/1.1" 302 0
INFO 2025-09-06 20:58:03,775 basehttp 6692 18964 "GET /User/login/ HTTP/1.1" 200 2410
INFO 2025-09-06 20:59:49,932 basehttp 6692 18964 "POST /User/login/ HTTP/1.1" 200 2466
INFO 2025-09-06 21:00:06,778 basehttp 6692 18964 "POST /User/login/ HTTP/1.1" 200 2466
INFO 2025-09-06 21:00:06,896 basehttp 6692 18964 "GET /static/styles.css HTTP/1.1" 304 0
INFO 2025-09-06 21:00:19,845 basehttp 6692 18964 "GET /User/register/ HTTP/1.1" 200 2577
INFO 2025-09-06 21:00:44,899 basehttp 6692 18964 "POST /User/register/ HTTP/1.1" 200 3118
INFO 2025-09-06 21:01:10,774 basehttp 6692 18964 "POST /User/register/ HTTP/1.1" 200 3381
INFO 2025-09-06 21:01:32,740 basehttp 6692 18964 "POST /User/register/ HTTP/1.1" 200 3118
INFO 2025-09-06 21:02:07,429 basehttp 6692 18964 "POST /User/register/ HTTP/1.1" 302 0
INFO 2025-09-06 21:02:07,469 basehttp 6692 18964 "GET /User/login/ HTTP/1.1" 200 2410
INFO 2025-09-06 21:02:27,439 basehttp 6692 18964 "POST /User/login/ HTTP/1.1" 302 0
INFO 2025-09-06 21:02:27,460 basehttp 6692 18964 "GET /Student/ HTTP/1.1" 200 5854
INFO 2025-09-06 21:02:29,166 basehttp 6692 18964 "GET /Student/show/ HTTP/1.1" 200 5764
INFO 2025-09-06 21:02:32,590 basehttp 6692 18964 "GET /User/profile/ HTTP/1.1" 200 3410
WARNING 2025-09-06 21:02:32,745 basehttp 6692 18964 "GET /static/default_profile.png HTTP/1.1" 404 1984
INFO 2025-09-06 21:02:47,294 basehttp 6692 15652 "GET /Student/show/ HTTP/1.1" 200 5764
INFO 2025-09-06 21:04:31,651 basehttp 6692 15652 "GET /Student/ HTTP/1.1" 200 5854
INFO 2025-09-06 21:04:38,593 basehttp 6692 15652 "GET /Student/show/ HTTP/1.1" 200 5764
INFO 2025-09-06 21:04:38,720 basehttp 6692 15652 "GET /static/styles.css HTTP/1.1" 304 0
INFO 2025-09-06 21:04:48,702 basehttp 6692 15652 "GET /Student/edit/1 HTTP/1.1" 200 3789
INFO 2025-09-06 21:04:59,800 basehttp 6692 584 "GET /Student/delete/3 HTTP/1.1" 200 2040
INFO 2025-09-06 21:05:03,668 basehttp 6692 584 "GET /Student/show/ HTTP/1.1" 200 5764
INFO 2025-09-06 21:05:09,849 basehttp 6692 16172 "GET /Teacher/show/ HTTP/1.1" 200 4613
INFO 2025-09-06 21:05:10,891 basehttp 6692 16172 "GET /Student/show/ HTTP/1.1" 200 5764
INFO 2025-09-06 21:05:11,778 basehttp 6692 16172 "GET /Student/ HTTP/1.1" 200 5854
INFO 2025-09-06 21:05:14,531 basehttp 6692 16172 "GET /Teacher/show/ HTTP/1.1" 200 4613
INFO 2025-09-06 21:05:16,122 basehttp 6692 16172 "GET /User/profile/ HTTP/1.1" 200 3410
WARNING 2025-09-06 21:05:16,240 basehttp 6692 16172 "GET /static/default_profile.png HTTP/1.1" 404 1984
INFO 2025-09-06 21:05:16,942 basehttp 6692 4672 "GET /User/logout/ HTTP/1.1" 302 0
INFO 2025-09-06 21:05:17,077 basehttp 6692 4672 "GET /User/login/ HTTP/1.1" 200 2410
INFO 2025-09-06 21:06:50,407 basehttp 6692 1520 "GET /User/profile/ HTTP/1.1" 302 0
INFO 2025-09-06 21:06:50,423 basehttp 6692 1520 "GET /User/login/?next=/User/profile/ HTTP/1.1" 200 2018
INFO 2025-09-06 21:06:52,347 basehttp 6692 1520 "GET /Teacher/show/ HTTP/1.1" 302 0
INFO 2025-09-06 21:06:52,380 basehttp 6692 1520 "GET /User/login/?next=/Teacher/show/ HTTP/1.1" 200 2018
INFO 2025-09-06 21:06:58,559 basehttp 6692 9228 "GET / HTTP/1.1" 302 0
INFO 2025-09-06 21:06:58,572 basehttp 6692 9228 "GET /Student/ HTTP/1.1" 200 5854
INFO 2025-09-06 21:07:00,395 basehttp 6692 9228 "GET /Student/show/ HTTP/1.1" 302 0
INFO 2025-09-06 21:07:00,440 basehttp 6692 9228 "GET /User/login/?next=/Student/show/ HTTP/1.1" 200 2018
INFO 2025-09-06 21:07:20,013 basehttp 6692 1812 "POST /User/login/?next=/Student/show/ HTTP/1.1" 302 0
INFO 2025-09-06 21:07:20,036 basehttp 6692 1812 "GET /Student/ HTTP/1.1" 200 5854
INFO 2025-09-06 21:07:21,845 basehttp 6692 1812 "GET /Student/show/ HTTP/1.1" 200 5764
INFO 2025-09-06 21:07:25,212 basehttp 6692 14548 "GET /Teacher/show/ HTTP/1.1" 200 4613
INFO 2025-09-06 21:07:36,385 basehttp 6692 14548 "GET /Teacher/show/ HTTP/1.1" 200 4613
INFO 2025-09-06 21:07:51,401 autoreload 11740 20180 C:\Users\hp\Labs_SoftWare-Engineering\Lab6\School\Student\views.py changed, reloading.
INFO 2025-09-06 21:07:51,556 autoreload 12916 14316 C:\Users\hp\Labs_SoftWare-Engineering\Lab6\School\Student\views.py changed, reloading.
INFO 2025-09-06 21:07:51,779 autoreload 11296 11216 C:\Users\hp\Labs_SoftWare-Engineering\Lab6\School\Student\views.py changed, reloading.
INFO 2025-09-06 21:07:51,603 autoreload 14720 12100 C:\Users\hp\Labs_SoftWare-Engineering\Lab6\School\Student\views.py changed, reloading.
INFO 2025-09-06 21:07:51,961 autoreload 6692 10296 C:\Users\hp\Labs_SoftWare-Engineering\Lab6\School\Student\views.py changed, reloading.
INFO 2025-09-06 21:07:52,041 autoreload 12328 20008 C:\Users\hp\Labs_SoftWare-Engineering\Lab6\School\Student\views.py changed, reloading.
INFO 2025-09-06 21:07:52,081 autoreload 14776 17912 C:\Users\hp\Labs_SoftWare-Engineering\Lab6\School\Student\views.py changed, reloading.
INFO 2025-09-06 21:07:52,339 autoreload 17308 16356 C:\Users\hp\Labs_SoftWare-Engineering\Lab6\School\Student\views.py changed, reloading.
INFO 2025-09-06 21:08:02,126 autoreload 11104 11308 Watching for file changes with StatReloader
INFO 2025-09-06 21:08:06,123 autoreload 12208 11864 Watching for file changes with StatReloader
INFO 2025-09-06 21:08:06,147 autoreload 13812 9292 Watching for file changes with StatReloader
INFO 2025-09-06 21:08:06,187 autoreload 5788 1976 Watching for file changes with StatReloader
INFO 2025-09-06 21:08:06,255 autoreload 11948 9448 Watching for file changes with StatReloader
INFO 2025-09-06 21:08:06,342 autoreload 18564 8776 Watching for file changes with StatReloader
INFO 2025-09-06 21:08:06,481 autoreload 11584 11188 Watching for file changes with StatReloader
INFO 2025-09-06 21:08:06,858 autoreload 14900 17228 Watching for file changes with StatReloader
WARNING 2025-09-06 21:08:15,422 base 11104 2340 Session data corrupted
INFO 2025-09-06 21:08:15,440 basehttp 11104 2340 "GET /Student/show/ HTTP/1.1" 302 0
WARNING 2025-09-06 21:08:15,505 base 11104 2340 Session data corrupted
INFO 2025-09-06 21:08:15,508 basehttp 11104 2340 "GET /User/login/?next=/Student/show/ HTTP/1.1" 200 2018
WARNING 2025-09-06 21:08:20,860 base 11104 18812 Session data corrupted
INFO 2025-09-06 21:08:20,861 basehttp 11104 18812 "GET /User/profile/ HTTP/1.1" 302 0
WARNING 2025-09-06 21:08:20,873 base 11104 18812 Session data corrupted
INFO 2025-09-06 21:08:20,875 basehttp 11104 18812 "GET /User/login/?next=/User/profile/ HTTP/1.1" 200 2018
WARNING 2025-09-06 21:08:24,700 base 11104 18812 Session data corrupted
INFO 2025-09-06 21:08:24,702 basehttp 11104 18812 "GET /User/profile/ HTTP/1.1" 302 0
WARNING 2025-09-06 21:08:24,717 base 11104 18812 Session data corrupted
INFO 2025-09-06 21:08:24,719 basehttp 11104 18812 "GET /User/login/?next=/User/profile/ HTTP/1.1" 200 2018
WARNING 2025-09-06 21:08:26,869 base 11104 18812 Session data corrupted
INFO 2025-09-06 21:08:26,870 basehttp 11104 18812 "GET /Student/show/ HTTP/1.1" 302 0
WARNING 2025-09-06 21:08:26,886 base 11104 18812 Session data corrupted
INFO 2025-09-06 21:08:26,889 basehttp 11104 18812 "GET /User/login/?next=/Student/show/ HTTP/1.1" 200 2018
INFO 2025-09-06 21:08:31,887 basehttp 11104 18812 "GET /Student/ HTTP/1.1" 200 5854
WARNING 2025-09-06 21:08:33,447 base 11104 18812 Session data corrupted
INFO 2025-09-06 21:08:33,449 basehttp 11104 18812 "GET /Teacher/show/ HTTP/1.1" 302 0
WARNING 2025-09-06 21:08:33,463 base 11104 18812 Session data corrupted
INFO 2025-09-06 21:08:33,467 basehttp 11104 18812 "GET /User/login/?next=/Teacher/show/ HTTP/1.1" 200 2018
INFO 2025-09-06 21:08:39,238 autoreload 11584 11188 C:\Users\hp\Labs_SoftWare-Engineering\Lab6\School\Teacher\views.py changed, reloading.
INFO 2025-09-06 21:08:39,629 autoreload 14900 17228 C:\Users\hp\Labs_SoftWare-Engineering\Lab6\School\Teacher\views.py changed, reloading.
INFO 2025-09-06 21:08:39,740 autoreload 11948 9448 C:\Users\hp\Labs_SoftWare-Engineering\Lab6\School\Teacher\views.py changed, reloading.
INFO 2025-09-06 21:08:39,769 autoreload 5788 1976 C:\Users\hp\Labs_SoftWare-Engineering\Lab6\School\Teacher\views.py changed, reloading.
INFO 2025-09-06 21:08:39,816 autoreload 18564 8776 C:\Users\hp\Labs_SoftWare-Engineering\Lab6\School\Teacher\views.py changed, reloading.
INFO 2025-09-06 21:08:39,914 autoreload 12208 11864 C:\Users\hp\Labs_SoftWare-Engineering\Lab6\School\Teacher\views.py changed, reloading.
INFO 2025-09-06 21:08:39,939 autoreload 13812 9292 C:\Users\hp\Labs_SoftWare-Engineering\Lab6\School\Teacher\views.py changed, reloading.
INFO 2025-09-06 21:08:40,200 autoreload 11104 11308 C:\Users\hp\Labs_SoftWare-Engineering\Lab6\School\Teacher\views.py changed, reloading.
INFO 2025-09-06 21:08:52,850 autoreload 18492 12984 Watching for file changes with StatReloader
INFO 2025-09-06 21:08:55,212 autoreload 6552 19572 Watching for file changes with StatReloader
WARNING 2025-09-06 21:08:55,389 base 18492 2428 Session data corrupted
INFO 2025-09-06 21:08:55,438 basehttp 18492 2428 "GET /User/login/ HTTP/1.1" 200 2018
INFO 2025-09-06 21:08:55,683 autoreload 17316 15300 Watching for file changes with StatReloader
INFO 2025-09-06 21:08:55,802 autoreload 3728 4256 Watching for file changes with StatReloader
INFO 2025-09-06 21:08:55,934 basehttp 18492 2428 "GET /static/styles.css HTTP/1.1" 200 7599
INFO 2025-09-06 21:08:57,324 autoreload 10144 1900 Watching for file changes with StatReloader
INFO 2025-09-06 21:08:57,383 autoreload 17164 15444 Watching for file changes with StatReloader
INFO 2025-09-06 21:08:57,645 autoreload 20440 13376 Watching for file changes with StatReloader
INFO 2025-09-06 21:08:58,088 autoreload 9516 18824 Watching for file changes with StatReloader
WARNING 2025-09-06 21:09:00,348 base 18492 6588 Session data corrupted
INFO 2025-09-06 21:09:00,350 basehttp 18492 6588 "GET /User/login/ HTTP/1.1" 200 2018
WARNING 2025-09-06 21:09:08,398 base 18492 6588 Session data corrupted
INFO 2025-09-06 21:09:08,401 basehttp 18492 6588 "POST /User/login/ HTTP/1.1" 200 2466
WARNING 2025-09-06 21:09:15,574 base 18492 5052 Session data corrupted
INFO 2025-09-06 21:09:15,592 basehttp 18492 5052 "GET /User/register/ HTTP/1.1" 200 2577
INFO 2025-09-06 21:09:15,649 basehttp 18492 5052 "GET /static/styles.css HTTP/1.1" 304 0
WARNING 2025-09-06 21:09:39,257 base 18492 15280 Session data corrupted
INFO 2025-09-06 21:09:39,263 basehttp 18492 15280 "POST /User/register/ HTTP/1.1" 200 3129
INFO 2025-09-06 21:09:39,303 basehttp 18492 15280 "GET /static/styles.css HTTP/1.1" 304 0
WARNING 2025-09-06 21:09:56,054 base 18492 15280 Session data corrupted
INFO 2025-09-06 21:09:56,060 basehttp 18492 15280 "POST /User/register/ HTTP/1.1" 200 3362
WARNING 2025-09-06 21:10:09,600 base 18492 2008 Session data corrupted
INFO 2025-09-06 21:10:09,612 basehttp 18492 2008 "POST /User/register/ HTTP/1.1" 200 3140
INFO 2025-09-06 21:10:09,669 basehttp 18492 2008 "GET /static/styles.css HTTP/1.1" 304 0
WARNING 2025-09-06 21:10:22,616 base 18492 2008 Session data corrupted
INFO 2025-09-06 21:10:22,621 basehttp 18492 2008 "POST /User/register/ HTTP/1.1" 200 3129
WARNING 2025-09-06 21:10:39,579 base 18492 20088 Session data corrupted
INFO 2025-09-06 21:10:39,586 basehttp 18492 20088 "POST /User/register/ HTTP/1.1" 200 3140
INFO 2025-09-06 21:10:39,649 basehttp 18492 20088 "GET /static/styles.css HTTP/1.1" 304 0
INFO 2025-09-06 21:11:07,491 basehttp 18492 20088 "POST /User/register/ HTTP/1.1" 302 0
WARNING 2025-09-06 21:11:07,545 base 18492 20088 Session data corrupted
INFO 2025-09-06 21:11:07,548 basehttp 18492 20088 "GET /User/login/ HTTP/1.1" 200 2410
WARNING 2025-09-06 21:11:51,596 base 18492 20088 Session data corrupted
INFO 2025-09-06 21:11:51,669 basehttp 18492 20088 "POST /User/login/ HTTP/1.1" 302 0
INFO 2025-09-06 21:11:51,748 basehttp 18492 20088 "GET /Student/ HTTP/1.1" 200 5854
INFO 2025-09-06 21:11:59,256 basehttp 18492 8724 "GET /Teacher/show/ HTTP/1.1" 200 4775
INFO 2025-09-06 21:11:59,345 basehttp 18492 8724 "GET /static/styles.css HTTP/1.1" 304 0
INFO 2025-09-06 21:11:59,358 basehttp 18492 17476 "GET /media/images/25/09/06/WhatsApp_Image_2025-08-12_at_16_Wt2yuQj.18.46_f86776f5.jpg HTTP/1.1" 200 15029
INFO 2025-09-06 21:11:59,433 basehttp 18492 18752 "GET /media/images/25/09/06/WhatsApp_Image_2025-08-12_at_16_HDrq8Jn.18.46_f86776f5.jpg HTTP/1.1" 200 15029
INFO 2025-09-06 21:12:05,205 basehttp 18492 17972 "GET /Student/show/ HTTP/1.1" 200 5993
INFO 2025-09-06 21:12:05,313 basehttp 18492 14228 "GET /media/images/25/09/06/WhatsApp_Image_2025-08-12_at_16_5eNjZkc.18.46_f86776f5.jpg HTTP/1.1" 200 15029
INFO 2025-09-06 21:12:05,327 basehttp 18492 17972 "GET /media/images/25/09/06/pexels-patrick-bryan-2150373533-32187217.jpg HTTP/1.1" 200 126933
INFO 2025-09-06 21:12:05,484 basehttp 18492 8540 "GET /media/images/25/09/06/WhatsApp_Image_2025-08-12_at_16_ZMRcrVv.18.46_f86776f5.jpg HTTP/1.1" 200 15029
INFO 2025-09-06 21:12:10,378 basehttp 18492 8540 "GET /Student/delete/1 HTTP/1.1" 200 2036
INFO 2025-09-06 21:12:11,893 basehttp 18492 8540 "GET /Student/show/ HTTP/1.1" 200 5993
INFO 2025-09-06 21:12:19,389 basehttp 18492 9120 "GET /Student/add/ HTTP/1.1" 200 3706
INFO 2025-09-06 21:12:34,251 autoreload 18492 12984 C:\Users\hp\Labs_SoftWare-Engineering\Lab6\School\User\models.py changed, reloading.
INFO 2025-09-06 21:12:34,385 autoreload 9516 18824 C:\Users\hp\Labs_SoftWare-Engineering\Lab6\School\User\models.py changed, reloading.
INFO 2025-09-06 21:12:34,515 autoreload 10144 1900 C:\Users\hp\Labs_SoftWare-Engineering\Lab6\School\User\models.py changed, reloading.
INFO 2025-09-06 21:12:34,756 autoreload 17316 15300 C:\Users\hp\Labs_SoftWare-Engineering\Lab6\School\User\models.py changed, reloading.
INFO 2025-09-06 21:12:34,877 autoreload 6552 19572 C:\Users\hp\Labs_SoftWare-Engineering\Lab6\School\User\models.py changed, reloading.
INFO 2025-09-06 21:12:35,007 autoreload 3728 4256 C:\Users\hp\Labs_SoftWare-Engineering\Lab6\School\User\models.py changed, reloading.

INFO 2025-09-06 21:12:35,094 autoreload 17164 15444 C:\Users\hp\Labs_SoftWare-Engineering\Lab6\School\User\models.py changed, reloading.
INFO 2025-09-06 21:12:52,166 autoreload 20108 4076 Watching for file changes with StatReloader
INFO 2025-09-06 21:12:53,641 autoreload 14768 8840 Watching for file changes with StatReloader
INFO 2025-09-06 21:12:54,409 autoreload 6748 15200 Watching for file changes with StatReloader
INFO 2025-09-06 21:12:55,222 autoreload 1232 12088 Watching for file changes with StatReloader
INFO 2025-09-06 21:12:55,532 autoreload 14020 8832 Watching for file changes with StatReloader
INFO 2025-09-06 21:12:57,074 autoreload 16344 19752 Watching for file changes with StatReloader
INFO 2025-09-06 21:12:57,601 autoreload 13224 20112 Watching for file changes with StatReloader
INFO 2025-09-06 21:12:58,168 autoreload 20000 15008 Watching for file changes with StatReloader
WARNING 2025-09-06 21:13:03,172 base 20108 5972 Session data corrupted
INFO 2025-09-06 21:13:03,228 basehttp 20108 5972 "GET /User/profile/ HTTP/1.1" 302 0
WARNING 2025-09-06 21:13:03,702 base 20108 5972 Session data corrupted
INFO 2025-09-06 21:13:03,705 basehttp 20108 5972 "GET /User/login/?next=/User/profile/ HTTP/1.1" 200 2018
INFO 2025-09-06 21:13:03,924 basehttp 20108 5972 "GET /static/styles.css HTTP/1.1" 304 0
WARNING 2025-09-06 21:13:11,352 base 20108 5972 Session data corrupted
ERROR 2025-09-06 21:13:12,876 log 20108 5972 Internal Server Error: /User/login/
Traceback (most recent call last):
  File "C:\Users\hp\AppData\Local\Programs\Python\Python313\Lib\site-packages\django\db\models\fields\related_descriptors.py", line 516, in __get__
    rel_obj = self.related.get_cached_value(instance)
  File "C:\Users\hp\AppData\Local\Programs\Python\Python313\Lib\site-packages\django\db\models\fields\mixins.py", line 37, in get_cached_value
    return instance._state.fields_cache[self.cache_name]
           ~~~~~~~~~~~~~~~~~~~~~~~~~~~~^^^^^^^^^^^^^^^^^
KeyError: 'profile'

During handling of the above exception, another exception occurred:

Traceback (most recent call last):
  File "C:\Users\hp\AppData\Local\Programs\Python\Python313\Lib\site-packages\django\db\backends\utils.py", line 105, in _execute
    return self.cursor.execute(sql, params)
           ~~~~~~~~~~~~~~~~~~~^^^^^^^^^^^^^
  File "C:\Users\hp\AppData\Local\Programs\Python\Python313\Lib\site-packages\django\db\backends\sqlite3\base.py", line 360, in execute
    return super().execute(query, params)
           ~~~~~~~~~~~~~~~^^^^^^^^^^^^^^^
sqlite3.OperationalError: no such column: User_profile.image

The above exception was the direct cause of the following exception:

Traceback (most recent call last):
  File "C:\Users\hp\AppData\Local\Programs\Python\Python313\Lib\site-packages\django\core\handlers\exception.py", line 55, in inner
    response = get_response(request)
  File "C:\Users\hp\AppData\Local\Programs\Python\Python313\Lib\site-packages\django\core\handlers\base.py", line 197, in _get_response
    response = wrapped_callback(request, *callback_args, **callback_kwargs)
  File "C:\Users\hp\Labs_SoftWare-Engineering\Lab6\School\User\views.py", line 17, in UserLogin
    login(request, user)
    ~~~~~^^^^^^^^^^^^^^^
  File "C:\Users\hp\AppData\Local\Programs\Python\Python313\Lib\site-packages\django\contrib\auth\__init__.py", line 197, in login
    user_logged_in.send(sender=user.__class__, request=request, user=user)
    ~~~~~~~~~~~~~~~~~~~^^^^^^^^^^^^^^^^^^^^^^^^^^^^^^^^^^^^^^^^^^^^^^^^^^^
  File "C:\Users\hp\AppData\Local\Programs\Python\Python313\Lib\site-packages\django\dispatch\dispatcher.py", line 189, in send
    response = receiver(signal=self, sender=sender, **named)
  File "C:\Users\hp\AppData\Local\Programs\Python\Python313\Lib\site-packages\django\contrib\auth\models.py", line 24, in update_last_login
    user.save(update_fields=["last_login"])
    ~~~~~~~~~^^^^^^^^^^^^^^^^^^^^^^^^^^^^^^
  File "C:\Users\hp\AppData\Local\Programs\Python\Python313\Lib\site-packages\django\contrib\auth\base_user.py", line 65, in save
    super().save(*args, **kwargs)
    ~~~~~~~~~~~~^^^^^^^^^^^^^^^^^
  File "C:\Users\hp\AppData\Local\Programs\Python\Python313\Lib\site-packages\django\db\models\base.py", line 902, in save
    self.save_base(
    ~~~~~~~~~~~~~~^
        using=using,
        ^^^^^^^^^^^^
    ...<2 lines>...
        update_fields=update_fields,
        ^^^^^^^^^^^^^^^^^^^^^^^^^^^^
    )
    ^
  File "C:\Users\hp\AppData\Local\Programs\Python\Python313\Lib\site-packages\django\db\models\base.py", line 1023, in save_base
    post_save.send(
    ~~~~~~~~~~~~~~^
        sender=origin,
        ^^^^^^^^^^^^^^
    ...<4 lines>...
        using=using,
        ^^^^^^^^^^^^
    )
    ^
  File "C:\Users\hp\AppData\Local\Programs\Python\Python313\Lib\site-packages\django\dispatch\dispatcher.py", line 189, in send
    response = receiver(signal=self, sender=sender, **named)
  File "C:\Users\hp\Labs_SoftWare-Engineering\Lab6\School\User\models.py", line 35, in save_user_profile
    instance.profile.save()
    ^^^^^^^^^^^^^^^^
  File "C:\Users\hp\AppData\Local\Programs\Python\Python313\Lib\site-packages\django\db\models\fields\related_descriptors.py", line 523, in __get__
    rel_obj = self.get_queryset(instance=instance).get(**filter_args)
  File "C:\Users\hp\AppData\Local\Programs\Python\Python313\Lib\site-packages\django\db\models\query.py", line 629, in get
    num = len(clone)
  File "C:\Users\hp\AppData\Local\Programs\Python\Python313\Lib\site-packages\django\db\models\query.py", line 366, in __len__
    self._fetch_all()
    ~~~~~~~~~~~~~~~^^
  File "C:\Users\hp\AppData\Local\Programs\Python\Python313\Lib\site-packages\django\db\models\query.py", line 1949, in _fetch_all
    self._result_cache = list(self._iterable_class(self))
                         ~~~~^^^^^^^^^^^^^^^^^^^^^^^^^^^^
  File "C:\Users\hp\AppData\Local\Programs\Python\Python313\Lib\site-packages\django\db\models\query.py", line 91, in __iter__
    results = compiler.execute_sql(
        chunked_fetch=self.chunked_fetch, chunk_size=self.chunk_size
    )
  File "C:\Users\hp\AppData\Local\Programs\Python\Python313\Lib\site-packages\django\db\models\sql\compiler.py", line 1623, in execute_sql
    cursor.execute(sql, params)
    ~~~~~~~~~~~~~~^^^^^^^^^^^^^
  File "C:\Users\hp\AppData\Local\Programs\Python\Python313\Lib\site-packages\django\db\backends\utils.py", line 122, in execute
    return super().execute(sql, params)
           ~~~~~~~~~~~~~~~^^^^^^^^^^^^^
  File "C:\Users\hp\AppData\Local\Programs\Python\Python313\Lib\site-packages\django\db\backends\utils.py", line 79, in execute
    return self._execute_with_wrappers(
           ~~~~~~~~~~~~~~~~~~~~~~~~~~~^
        sql, params, many=False, executor=self._execute
        ^^^^^^^^^^^^^^^^^^^^^^^^^^^^^^^^^^^^^^^^^^^^^^^
    )
    ^
  File "C:\Users\hp\AppData\Local\Programs\Python\Python313\Lib\site-packages\django\db\backends\utils.py", line 92, in _execute_with_wrappers
    return executor(sql, params, many, context)
  File "C:\Users\hp\AppData\Local\Programs\Python\Python313\Lib\site-packages\django\db\backends\utils.py", line 100, in _execute
    with self.db.wrap_database_errors:
         ^^^^^^^^^^^^^^^^^^^^^^^^^^^^
  File "C:\Users\hp\AppData\Local\Programs\Python\Python313\Lib\site-packages\django\db\utils.py", line 91, in __exit__
    raise dj_exc_value.with_traceback(traceback) from exc_value
  File "C:\Users\hp\AppData\Local\Programs\Python\Python313\Lib\site-packages\django\db\backends\utils.py", line 105, in _execute
    return self.cursor.execute(sql, params)
           ~~~~~~~~~~~~~~~~~~~^^^^^^^^^^^^^
  File "C:\Users\hp\AppData\Local\Programs\Python\Python313\Lib\site-packages\django\db\backends\sqlite3\base.py", line 360, in execute
    return super().execute(query, params)
           ~~~~~~~~~~~~~~~^^^^^^^^^^^^^^^
django.db.utils.OperationalError: no such column: User_profile.image
ERROR 2025-09-06 21:13:12,935 basehttp 20108 5972 "POST /User/login/?next=/User/profile/ HTTP/1.1" 500 186868
INFO 2025-09-06 21:13:15,337 basehttp 20108 5972 "GET /User/login/?next=/User/profile/ HTTP/1.1" 200 2018
INFO 2025-09-06 21:13:20,912 basehttp 20108 12644 "GET /Student/edit/3 HTTP/1.1" 302 0
INFO 2025-09-06 21:13:20,994 basehttp 20108 12644 "GET /User/login/?next=/Student/edit/3 HTTP/1.1" 200 2018
INFO 2025-09-06 21:13:26,587 autoreload 20000 15008 C:\Users\hp\Labs_SoftWare-Engineering\Lab6\School\User\views.py changed, reloading.
INFO 2025-09-06 21:13:26,732 autoreload 20108 4076 C:\Users\hp\Labs_SoftWare-Engineering\Lab6\School\User\views.py changed, reloading.
INFO 2025-09-06 21:13:26,781 autoreload 16344 19752 C:\Users\hp\Labs_SoftWare-Engineering\Lab6\School\User\views.py changed, reloading.
INFO 2025-09-06 21:13:26,913 autoreload 14020 8832 C:\Users\hp\Labs_SoftWare-Engineering\Lab6\School\User\views.py changed, reloading.
INFO 2025-09-06 21:13:27,090 autoreload 13224 20112 C:\Users\hp\Labs_SoftWare-Engineering\Lab6\School\User\views.py changed, reloading.
INFO 2025-09-06 21:13:27,101 autoreload 14768 8840 C:\Users\hp\Labs_SoftWare-Engineering\Lab6\School\User\views.py changed, reloading.
INFO 2025-09-06 21:13:27,632 autoreload 1232 12088 C:\Users\hp\Labs_SoftWare-Engineering\Lab6\School\User\views.py changed, reloading.
INFO 2025-09-06 21:13:27,963 autoreload 6748 15200 C:\Users\hp\Labs_SoftWare-Engineering\Lab6\School\User\views.py changed, reloading.
INFO 2025-09-06 21:13:43,946 autoreload 15744 12784 Watching for file changes with StatReloader
INFO 2025-09-06 21:13:44,021 autoreload 11408 20364 Watching for file changes with StatReloader
INFO 2025-09-06 21:13:46,042 autoreload 19172 15496 Watching for file changes with StatReloader
INFO 2025-09-06 21:13:46,125 autoreload 4988 11156 Watching for file changes with StatReloader
INFO 2025-09-06 21:13:46,480 autoreload 20468 19104 Watching for file changes with StatReloader
INFO 2025-09-06 21:13:46,897 autoreload 11456 6152 Watching for file changes with StatReloader
INFO 2025-09-06 21:13:47,053 autoreload 8224 6736 Watching for file changes with StatReloader
INFO 2025-09-06 21:13:47,487 autoreload 19524 2376 Watching for file changes with StatReloader
INFO 2025-09-06 21:14:05,869 autoreload 8224 6736 C:\Users\hp\Labs_SoftWare-Engineering\Lab6\School\User\views.py changed, reloading.
INFO 2025-09-06 21:14:06,050 autoreload 15744 12784 C:\Users\hp\Labs_SoftWare-Engineering\Lab6\School\User\views.py changed, reloading.
INFO 2025-09-06 21:14:06,137 autoreload 19172 15496 C:\Users\hp\Labs_SoftWare-Engineering\Lab6\School\User\views.py changed, reloading.
INFO 2025-09-06 21:14:06,153 autoreload 4988 11156 C:\Users\hp\Labs_SoftWare-Engineering\Lab6\School\User\views.py changed, reloading.
INFO 2025-09-06 21:14:06,485 autoreload 11408 20364 C:\Users\hp\Labs_SoftWare-Engineering\Lab6\School\User\views.py changed, reloading.
INFO 2025-09-06 21:14:06,585 autoreload 20468 19104 C:\Users\hp\Labs_SoftWare-Engineering\Lab6\School\User\views.py changed, reloading.
INFO 2025-09-06 21:14:06,742 autoreload 19524 2376 C:\Users\hp\Labs_SoftWare-Engineering\Lab6\School\User\views.py changed, reloading.
INFO 2025-09-06 21:14:06,748 autoreload 11456 6152 C:\Users\hp\Labs_SoftWare-Engineering\Lab6\School\User\views.py changed, reloading.
INFO 2025-09-06 21:14:19,201 autoreload 12080 17112 Watching for file changes with StatReloader
INFO 2025-09-06 21:14:19,512 autoreload 1468 17292 Watching for file changes with StatReloader
INFO 2025-09-06 21:14:20,982 autoreload 1008 18960 Watching for file changes with StatReloader
INFO 2025-09-06 21:14:21,189 autoreload 19356 9328 Watching for file changes with StatReloader
INFO 2025-09-06 21:14:21,391 autoreload 9972 11300 Watching for file changes with StatReloader
INFO 2025-09-06 21:14:22,137 autoreload 6208 2644 Watching for file changes with StatReloader
INFO 2025-09-06 21:14:22,386 autoreload 17012 16468 Watching for file changes with StatReloader
INFO 2025-09-06 21:14:22,633 autoreload 16528 16248 Watching for file changes with StatReloader
INFO 2025-09-06 21:14:27,693 basehttp 12080 9000 "GET /Student/show/ HTTP/1.1" 302 0
INFO 2025-09-06 21:14:27,722 basehttp 12080 9000 "GET /User/login/?next=/Student/show/ HTTP/1.1" 200 2018
INFO 2025-09-06 21:14:27,781 basehttp 12080 9000 "GET /static/styles.css HTTP/1.1" 304 0
INFO 2025-09-06 21:14:35,299 basehttp 12080 18116 "GET / HTTP/1.1" 302 0
INFO 2025-09-06 21:14:35,314 basehttp 12080 18116 "GET /Student/ HTTP/1.1" 200 5854
INFO 2025-09-06 21:14:37,693 basehttp 12080 18116 "GET /Teacher/show/ HTTP/1.1" 302 0
INFO 2025-09-06 21:14:37,719 basehttp 12080 18116 "GET /User/login/?next=/Teacher/show/ HTTP/1.1" 200 2018
ERROR 2025-09-06 21:14:45,307 log 12080 18116 Internal Server Error: /User/login/
Traceback (most recent call last):
  File "C:\Users\hp\AppData\Local\Programs\Python\Python313\Lib\site-packages\django\db\models\fields\related_descriptors.py", line 516, in __get__
    rel_obj = self.related.get_cached_value(instance)
  File "C:\Users\hp\AppData\Local\Programs\Python\Python313\Lib\site-packages\django\db\models\fields\mixins.py", line 37, in get_cached_value
    return instance._state.fields_cache[self.cache_name]
           ~~~~~~~~~~~~~~~~~~~~~~~~~~~~^^^^^^^^^^^^^^^^^
KeyError: 'profile'

During handling of the above exception, another exception occurred:

Traceback (most recent call last):
  File "C:\Users\hp\AppData\Local\Programs\Python\Python313\Lib\site-packages\django\db\backends\utils.py", line 105, in _execute
    return self.cursor.execute(sql, params)
           ~~~~~~~~~~~~~~~~~~~^^^^^^^^^^^^^
  File "C:\Users\hp\AppData\Local\Programs\Python\Python313\Lib\site-packages\django\db\backends\sqlite3\base.py", line 360, in execute
    return super().execute(query, params)
           ~~~~~~~~~~~~~~~^^^^^^^^^^^^^^^
sqlite3.OperationalError: no such column: User_profile.image

The above exception was the direct cause of the following exception:

Traceback (most recent call last):
  File "C:\Users\hp\AppData\Local\Programs\Python\Python313\Lib\site-packages\django\core\handlers\exception.py", line 55, in inner
    response = get_response(request)
  File "C:\Users\hp\AppData\Local\Programs\Python\Python313\Lib\site-packages\django\core\handlers\base.py", line 197, in _get_response
    response = wrapped_callback(request, *callback_args, **callback_kwargs)
  File "C:\Users\hp\Labs_SoftWare-Engineering\Lab6\School\User\views.py", line 17, in UserLogin
    login(request, user)
    ~~~~~^^^^^^^^^^^^^^^
  File "C:\Users\hp\AppData\Local\Programs\Python\Python313\Lib\site-packages\django\contrib\auth\__init__.py", line 197, in login
    user_logged_in.send(sender=user.__class__, request=request, user=user)
    ~~~~~~~~~~~~~~~~~~~^^^^^^^^^^^^^^^^^^^^^^^^^^^^^^^^^^^^^^^^^^^^^^^^^^^
  File "C:\Users\hp\AppData\Local\Programs\Python\Python313\Lib\site-packages\django\dispatch\dispatcher.py", line 189, in send
    response = receiver(signal=self, sender=sender, **named)
  File "C:\Users\hp\AppData\Local\Programs\Python\Python313\Lib\site-packages\django\contrib\auth\models.py", line 24, in update_last_login
    user.save(update_fields=["last_login"])
    ~~~~~~~~~^^^^^^^^^^^^^^^^^^^^^^^^^^^^^^
  File "C:\Users\hp\AppData\Local\Programs\Python\Python313\Lib\site-packages\django\contrib\auth\base_user.py", line 65, in save
    super().save(*args, **kwargs)
    ~~~~~~~~~~~~^^^^^^^^^^^^^^^^^
  File "C:\Users\hp\AppData\Local\Programs\Python\Python313\Lib\site-packages\django\db\models\base.py", line 902, in save
    self.save_base(
    ~~~~~~~~~~~~~~^
        using=using,
        ^^^^^^^^^^^^
    ...<2 lines>...
        update_fields=update_fields,
        ^^^^^^^^^^^^^^^^^^^^^^^^^^^^
    )
    ^
  File "C:\Users\hp\AppData\Local\Programs\Python\Python313\Lib\site-packages\django\db\models\base.py", line 1023, in save_base
    post_save.send(
    ~~~~~~~~~~~~~~^
        sender=origin,
        ^^^^^^^^^^^^^^
    ...<4 lines>...
        using=using,
        ^^^^^^^^^^^^
    )
    ^
  File "C:\Users\hp\AppData\Local\Programs\Python\Python313\Lib\site-packages\django\dispatch\dispatcher.py", line 189, in send
    response = receiver(signal=self, sender=sender, **named)
  File "C:\Users\hp\Labs_SoftWare-Engineering\Lab6\School\User\models.py", line 35, in save_user_profile
    instance.profile.save()
    ^^^^^^^^^^^^^^^^
  File "C:\Users\hp\AppData\Local\Programs\Python\Python313\Lib\site-packages\django\db\models\fields\related_descriptors.py", line 523, in __get__
    rel_obj = self.get_queryset(instance=instance).get(**filter_args)
  File "C:\Users\hp\AppData\Local\Programs\Python\Python313\Lib\site-packages\django\db\models\query.py", line 629, in get
    num = len(clone)
  File "C:\Users\hp\AppData\Local\Programs\Python\Python313\Lib\site-packages\django\db\models\query.py", line 366, in __len__
    self._fetch_all()
    ~~~~~~~~~~~~~~~^^
  File "C:\Users\hp\AppData\Local\Programs\Python\Python313\Lib\site-packages\django\db\models\query.py", line 1949, in _fetch_all
    self._result_cache = list(self._iterable_class(self))
                         ~~~~^^^^^^^^^^^^^^^^^^^^^^^^^^^^
  File "C:\Users\hp\AppData\Local\Programs\Python\Python313\Lib\site-packages\django\db\models\query.py", line 91, in __iter__
    results = compiler.execute_sql(
        chunked_fetch=self.chunked_fetch, chunk_size=self.chunk_size
    )
  File "C:\Users\hp\AppData\Local\Programs\Python\Python313\Lib\site-packages\django\db\models\sql\compiler.py", line 1623, in execute_sql
    cursor.execute(sql, params)
    ~~~~~~~~~~~~~~^^^^^^^^^^^^^
  File "C:\Users\hp\AppData\Local\Programs\Python\Python313\Lib\site-packages\django\db\backends\utils.py", line 122, in execute
    return super().execute(sql, params)
           ~~~~~~~~~~~~~~~^^^^^^^^^^^^^
  File "C:\Users\hp\AppData\Local\Programs\Python\Python313\Lib\site-packages\django\db\backends\utils.py", line 79, in execute
    return self._execute_with_wrappers(
           ~~~~~~~~~~~~~~~~~~~~~~~~~~~^
        sql, params, many=False, executor=self._execute
        ^^^^^^^^^^^^^^^^^^^^^^^^^^^^^^^^^^^^^^^^^^^^^^^
    )
    ^
  File "C:\Users\hp\AppData\Local\Programs\Python\Python313\Lib\site-packages\django\db\backends\utils.py", line 92, in _execute_with_wrappers
    return executor(sql, params, many, context)
  File "C:\Users\hp\AppData\Local\Programs\Python\Python313\Lib\site-packages\django\db\backends\utils.py", line 100, in _execute
    with self.db.wrap_database_errors:
         ^^^^^^^^^^^^^^^^^^^^^^^^^^^^
  File "C:\Users\hp\AppData\Local\Programs\Python\Python313\Lib\site-packages\django\db\utils.py", line 91, in __exit__
    raise dj_exc_value.with_traceback(traceback) from exc_value
  File "C:\Users\hp\AppData\Local\Programs\Python\Python313\Lib\site-packages\django\db\backends\utils.py", line 105, in _execute
    return self.cursor.execute(sql, params)
           ~~~~~~~~~~~~~~~~~~~^^^^^^^^^^^^^
  File "C:\Users\hp\AppData\Local\Programs\Python\Python313\Lib\site-packages\django\db\backends\sqlite3\base.py", line 360, in execute
    return super().execute(query, params)
           ~~~~~~~~~~~~~~~^^^^^^^^^^^^^^^
django.db.utils.OperationalError: no such column: User_profile.image
ERROR 2025-09-06 21:14:45,349 basehttp 12080 18116 "POST /User/login/?next=/Teacher/show/ HTTP/1.1" 500 186719
INFO 2025-09-06 21:14:49,828 basehttp 12080 18116 "GET /User/login/?next=/Teacher/show/ HTTP/1.1" 200 2018
ERROR 2025-09-06 21:15:00,484 log 12080 10860 Internal Server Error: /User/login/
Traceback (most recent call last):
  File "C:\Users\hp\AppData\Local\Programs\Python\Python313\Lib\site-packages\django\db\models\fields\related_descriptors.py", line 516, in __get__
    rel_obj = self.related.get_cached_value(instance)
  File "C:\Users\hp\AppData\Local\Programs\Python\Python313\Lib\site-packages\django\db\models\fields\mixins.py", line 37, in get_cached_value
    return instance._state.fields_cache[self.cache_name]
           ~~~~~~~~~~~~~~~~~~~~~~~~~~~~^^^^^^^^^^^^^^^^^
KeyError: 'profile'

During handling of the above exception, another exception occurred:

Traceback (most recent call last):
  File "C:\Users\hp\AppData\Local\Programs\Python\Python313\Lib\site-packages\django\db\backends\utils.py", line 105, in _execute
    return self.cursor.execute(sql, params)
           ~~~~~~~~~~~~~~~~~~~^^^^^^^^^^^^^
  File "C:\Users\hp\AppData\Local\Programs\Python\Python313\Lib\site-packages\django\db\backends\sqlite3\base.py", line 360, in execute
    return super().execute(query, params)
           ~~~~~~~~~~~~~~~^^^^^^^^^^^^^^^
sqlite3.OperationalError: no such column: User_profile.image

The above exception was the direct cause of the following exception:

Traceback (most recent call last):
  File "C:\Users\hp\AppData\Local\Programs\Python\Python313\Lib\site-packages\django\core\handlers\exception.py", line 55, in inner
    response = get_response(request)
  File "C:\Users\hp\AppData\Local\Programs\Python\Python313\Lib\site-packages\django\core\handlers\base.py", line 197, in _get_response
    response = wrapped_callback(request, *callback_args, **callback_kwargs)
  File "C:\Users\hp\Labs_SoftWare-Engineering\Lab6\School\User\views.py", line 17, in UserLogin
    login(request, user)
    ~~~~~^^^^^^^^^^^^^^^
  File "C:\Users\hp\AppData\Local\Programs\Python\Python313\Lib\site-packages\django\contrib\auth\__init__.py", line 197, in login
    user_logged_in.send(sender=user.__class__, request=request, user=user)
    ~~~~~~~~~~~~~~~~~~~^^^^^^^^^^^^^^^^^^^^^^^^^^^^^^^^^^^^^^^^^^^^^^^^^^^
  File "C:\Users\hp\AppData\Local\Programs\Python\Python313\Lib\site-packages\django\dispatch\dispatcher.py", line 189, in send
    response = receiver(signal=self, sender=sender, **named)
  File "C:\Users\hp\AppData\Local\Programs\Python\Python313\Lib\site-packages\django\contrib\auth\models.py", line 24, in update_last_login
    user.save(update_fields=["last_login"])
    ~~~~~~~~~^^^^^^^^^^^^^^^^^^^^^^^^^^^^^^
  File "C:\Users\hp\AppData\Local\Programs\Python\Python313\Lib\site-packages\django\contrib\auth\base_user.py", line 65, in save
    super().save(*args, **kwargs)
    ~~~~~~~~~~~~^^^^^^^^^^^^^^^^^
  File "C:\Users\hp\AppData\Local\Programs\Python\Python313\Lib\site-packages\django\db\models\base.py", line 902, in save
    self.save_base(
    ~~~~~~~~~~~~~~^
        using=using,
        ^^^^^^^^^^^^
    ...<2 lines>...
        update_fields=update_fields,
        ^^^^^^^^^^^^^^^^^^^^^^^^^^^^
    )
    ^
  File "C:\Users\hp\AppData\Local\Programs\Python\Python313\Lib\site-packages\django\db\models\base.py", line 1023, in save_base
    post_save.send(
    ~~~~~~~~~~~~~~^
        sender=origin,
        ^^^^^^^^^^^^^^
    ...<4 lines>...
        using=using,
        ^^^^^^^^^^^^
    )
    ^
  File "C:\Users\hp\AppData\Local\Programs\Python\Python313\Lib\site-packages\django\dispatch\dispatcher.py", line 189, in send
    response = receiver(signal=self, sender=sender, **named)
  File "C:\Users\hp\Labs_SoftWare-Engineering\Lab6\School\User\models.py", line 35, in save_user_profile
    instance.profile.save()
    ^^^^^^^^^^^^^^^^
  File "C:\Users\hp\AppData\Local\Programs\Python\Python313\Lib\site-packages\django\db\models\fields\related_descriptors.py", line 523, in __get__
    rel_obj = self.get_queryset(instance=instance).get(**filter_args)
  File "C:\Users\hp\AppData\Local\Programs\Python\Python313\Lib\site-packages\django\db\models\query.py", line 629, in get
    num = len(clone)
  File "C:\Users\hp\AppData\Local\Programs\Python\Python313\Lib\site-packages\django\db\models\query.py", line 366, in __len__
    self._fetch_all()
    ~~~~~~~~~~~~~~~^^
  File "C:\Users\hp\AppData\Local\Programs\Python\Python313\Lib\site-packages\django\db\models\query.py", line 1949, in _fetch_all
    self._result_cache = list(self._iterable_class(self))
                         ~~~~^^^^^^^^^^^^^^^^^^^^^^^^^^^^
  File "C:\Users\hp\AppData\Local\Programs\Python\Python313\Lib\site-packages\django\db\models\query.py", line 91, in __iter__
    results = compiler.execute_sql(
        chunked_fetch=self.chunked_fetch, chunk_size=self.chunk_size
    )
  File "C:\Users\hp\AppData\Local\Programs\Python\Python313\Lib\site-packages\django\db\models\sql\compiler.py", line 1623, in execute_sql
    cursor.execute(sql, params)
    ~~~~~~~~~~~~~~^^^^^^^^^^^^^
  File "C:\Users\hp\AppData\Local\Programs\Python\Python313\Lib\site-packages\django\db\backends\utils.py", line 122, in execute
    return super().execute(sql, params)
           ~~~~~~~~~~~~~~~^^^^^^^^^^^^^
  File "C:\Users\hp\AppData\Local\Programs\Python\Python313\Lib\site-packages\django\db\backends\utils.py", line 79, in execute
    return self._execute_with_wrappers(
           ~~~~~~~~~~~~~~~~~~~~~~~~~~~^
        sql, params, many=False, executor=self._execute
        ^^^^^^^^^^^^^^^^^^^^^^^^^^^^^^^^^^^^^^^^^^^^^^^
    )
    ^
  File "C:\Users\hp\AppData\Local\Programs\Python\Python313\Lib\site-packages\django\db\backends\utils.py", line 92, in _execute_with_wrappers
    return executor(sql, params, many, context)
  File "C:\Users\hp\AppData\Local\Programs\Python\Python313\Lib\site-packages\django\db\backends\utils.py", line 100, in _execute
    with self.db.wrap_database_errors:
         ^^^^^^^^^^^^^^^^^^^^^^^^^^^^
  File "C:\Users\hp\AppData\Local\Programs\Python\Python313\Lib\site-packages\django\db\utils.py", line 91, in __exit__
    raise dj_exc_value.with_traceback(traceback) from exc_value
  File "C:\Users\hp\AppData\Local\Programs\Python\Python313\Lib\site-packages\django\db\backends\utils.py", line 105, in _execute
    return self.cursor.execute(sql, params)
           ~~~~~~~~~~~~~~~~~~~^^^^^^^^^^^^^
  File "C:\Users\hp\AppData\Local\Programs\Python\Python313\Lib\site-packages\django\db\backends\sqlite3\base.py", line 360, in execute
    return super().execute(query, params)
           ~~~~~~~~~~~~~~~^^^^^^^^^^^^^^^
django.db.utils.OperationalError: no such column: User_profile.image
ERROR 2025-09-06 21:15:00,524 basehttp 12080 10860 "POST /User/login/?next=/Teacher/show/ HTTP/1.1" 500 186719
WARNING 2025-09-06 21:15:41,228 log 12080 1936 Forbidden (CSRF token from POST incorrect.): /User/login/
WARNING 2025-09-06 21:15:41,230 basehttp 12080 1936 "POST /User/login/?next=/Teacher/show/ HTTP/1.1" 403 2529
INFO 2025-09-06 21:15:44,738 basehttp 12080 1936 "GET /User/login/?next=/Teacher/show/ HTTP/1.1" 200 2018
ERROR 2025-09-06 21:15:51,262 log 12080 1936 Internal Server Error: /User/login/
Traceback (most recent call last):
  File "C:\Users\hp\AppData\Local\Programs\Python\Python313\Lib\site-packages\django\db\models\fields\related_descriptors.py", line 516, in __get__
    rel_obj = self.related.get_cached_value(instance)
  File "C:\Users\hp\AppData\Local\Programs\Python\Python313\Lib\site-packages\django\db\models\fields\mixins.py", line 37, in get_cached_value
    return instance._state.fields_cache[self.cache_name]
           ~~~~~~~~~~~~~~~~~~~~~~~~~~~~^^^^^^^^^^^^^^^^^
KeyError: 'profile'

During handling of the above exception, another exception occurred:

Traceback (most recent call last):
  File "C:\Users\hp\AppData\Local\Programs\Python\Python313\Lib\site-packages\django\db\backends\utils.py", line 105, in _execute
    return self.cursor.execute(sql, params)
           ~~~~~~~~~~~~~~~~~~~^^^^^^^^^^^^^
  File "C:\Users\hp\AppData\Local\Programs\Python\Python313\Lib\site-packages\django\db\backends\sqlite3\base.py", line 360, in execute
    return super().execute(query, params)
           ~~~~~~~~~~~~~~~^^^^^^^^^^^^^^^
sqlite3.OperationalError: no such column: User_profile.image

The above exception was the direct cause of the following exception:

Traceback (most recent call last):
  File "C:\Users\hp\AppData\Local\Programs\Python\Python313\Lib\site-packages\django\core\handlers\exception.py", line 55, in inner
    response = get_response(request)
  File "C:\Users\hp\AppData\Local\Programs\Python\Python313\Lib\site-packages\django\core\handlers\base.py", line 197, in _get_response
    response = wrapped_callback(request, *callback_args, **callback_kwargs)
  File "C:\Users\hp\Labs_SoftWare-Engineering\Lab6\School\User\views.py", line 17, in UserLogin
    login(request, user)
    ~~~~~^^^^^^^^^^^^^^^
  File "C:\Users\hp\AppData\Local\Programs\Python\Python313\Lib\site-packages\django\contrib\auth\__init__.py", line 197, in login
    user_logged_in.send(sender=user.__class__, request=request, user=user)
    ~~~~~~~~~~~~~~~~~~~^^^^^^^^^^^^^^^^^^^^^^^^^^^^^^^^^^^^^^^^^^^^^^^^^^^
  File "C:\Users\hp\AppData\Local\Programs\Python\Python313\Lib\site-packages\django\dispatch\dispatcher.py", line 189, in send
    response = receiver(signal=self, sender=sender, **named)
  File "C:\Users\hp\AppData\Local\Programs\Python\Python313\Lib\site-packages\django\contrib\auth\models.py", line 24, in update_last_login
    user.save(update_fields=["last_login"])
    ~~~~~~~~~^^^^^^^^^^^^^^^^^^^^^^^^^^^^^^
  File "C:\Users\hp\AppData\Local\Programs\Python\Python313\Lib\site-packages\django\contrib\auth\base_user.py", line 65, in save
    super().save(*args, **kwargs)
    ~~~~~~~~~~~~^^^^^^^^^^^^^^^^^
  File "C:\Users\hp\AppData\Local\Programs\Python\Python313\Lib\site-packages\django\db\models\base.py", line 902, in save
    self.save_base(
    ~~~~~~~~~~~~~~^
        using=using,
        ^^^^^^^^^^^^
    ...<2 lines>...
        update_fields=update_fields,
        ^^^^^^^^^^^^^^^^^^^^^^^^^^^^
    )
    ^
  File "C:\Users\hp\AppData\Local\Programs\Python\Python313\Lib\site-packages\django\db\models\base.py", line 1023, in save_base
    post_save.send(
    ~~~~~~~~~~~~~~^
        sender=origin,
        ^^^^^^^^^^^^^^
    ...<4 lines>...
        using=using,
        ^^^^^^^^^^^^
    )
    ^
  File "C:\Users\hp\AppData\Local\Programs\Python\Python313\Lib\site-packages\django\dispatch\dispatcher.py", line 189, in send
    response = receiver(signal=self, sender=sender, **named)
  File "C:\Users\hp\Labs_SoftWare-Engineering\Lab6\School\User\models.py", line 35, in save_user_profile
    instance.profile.save()
    ^^^^^^^^^^^^^^^^
  File "C:\Users\hp\AppData\Local\Programs\Python\Python313\Lib\site-packages\django\db\models\fields\related_descriptors.py", line 523, in __get__
    rel_obj = self.get_queryset(instance=instance).get(**filter_args)
  File "C:\Users\hp\AppData\Local\Programs\Python\Python313\Lib\site-packages\django\db\models\query.py", line 629, in get
    num = len(clone)
  File "C:\Users\hp\AppData\Local\Programs\Python\Python313\Lib\site-packages\django\db\models\query.py", line 366, in __len__
    self._fetch_all()
    ~~~~~~~~~~~~~~~^^
  File "C:\Users\hp\AppData\Local\Programs\Python\Python313\Lib\site-packages\django\db\models\query.py", line 1949, in _fetch_all
    self._result_cache = list(self._iterable_class(self))
                         ~~~~^^^^^^^^^^^^^^^^^^^^^^^^^^^^
  File "C:\Users\hp\AppData\Local\Programs\Python\Python313\Lib\site-packages\django\db\models\query.py", line 91, in __iter__
    results = compiler.execute_sql(
        chunked_fetch=self.chunked_fetch, chunk_size=self.chunk_size
    )
  File "C:\Users\hp\AppData\Local\Programs\Python\Python313\Lib\site-packages\django\db\models\sql\compiler.py", line 1623, in execute_sql
    cursor.execute(sql, params)
    ~~~~~~~~~~~~~~^^^^^^^^^^^^^
  File "C:\Users\hp\AppData\Local\Programs\Python\Python313\Lib\site-packages\django\db\backends\utils.py", line 122, in execute
    return super().execute(sql, params)
           ~~~~~~~~~~~~~~~^^^^^^^^^^^^^
  File "C:\Users\hp\AppData\Local\Programs\Python\Python313\Lib\site-packages\django\db\backends\utils.py", line 79, in execute
    return self._execute_with_wrappers(
           ~~~~~~~~~~~~~~~~~~~~~~~~~~~^
        sql, params, many=False, executor=self._execute
        ^^^^^^^^^^^^^^^^^^^^^^^^^^^^^^^^^^^^^^^^^^^^^^^
    )
    ^
  File "C:\Users\hp\AppData\Local\Programs\Python\Python313\Lib\site-packages\django\db\backends\utils.py", line 92, in _execute_with_wrappers
    return executor(sql, params, many, context)
  File "C:\Users\hp\AppData\Local\Programs\Python\Python313\Lib\site-packages\django\db\backends\utils.py", line 100, in _execute
    with self.db.wrap_database_errors:
         ^^^^^^^^^^^^^^^^^^^^^^^^^^^^
  File "C:\Users\hp\AppData\Local\Programs\Python\Python313\Lib\site-packages\django\db\utils.py", line 91, in __exit__
    raise dj_exc_value.with_traceback(traceback) from exc_value
  File "C:\Users\hp\AppData\Local\Programs\Python\Python313\Lib\site-packages\django\db\backends\utils.py", line 105, in _execute
    return self.cursor.execute(sql, params)
           ~~~~~~~~~~~~~~~~~~~^^^^^^^^^^^^^
  File "C:\Users\hp\AppData\Local\Programs\Python\Python313\Lib\site-packages\django\db\backends\sqlite3\base.py", line 360, in execute
    return super().execute(query, params)
           ~~~~~~~~~~~~~~~^^^^^^^^^^^^^^^
django.db.utils.OperationalError: no such column: User_profile.image
ERROR 2025-09-06 21:15:51,311 basehttp 12080 1936 "POST /User/login/?next=/Teacher/show/ HTTP/1.1" 500 186719
INFO 2025-09-06 21:15:58,962 basehttp 12080 1936 "GET /User/login/?next=/Teacher/show/ HTTP/1.1" 200 2018
ERROR 2025-09-06 21:16:10,035 log 12080 11976 Internal Server Error: /User/login/
Traceback (most recent call last):
  File "C:\Users\hp\AppData\Local\Programs\Python\Python313\Lib\site-packages\django\db\models\fields\related_descriptors.py", line 516, in __get__
    rel_obj = self.related.get_cached_value(instance)
  File "C:\Users\hp\AppData\Local\Programs\Python\Python313\Lib\site-packages\django\db\models\fields\mixins.py", line 37, in get_cached_value
    return instance._state.fields_cache[self.cache_name]
           ~~~~~~~~~~~~~~~~~~~~~~~~~~~~^^^^^^^^^^^^^^^^^
KeyError: 'profile'

During handling of the above exception, another exception occurred:

Traceback (most recent call last):
  File "C:\Users\hp\AppData\Local\Programs\Python\Python313\Lib\site-packages\django\db\backends\utils.py", line 105, in _execute
    return self.cursor.execute(sql, params)
           ~~~~~~~~~~~~~~~~~~~^^^^^^^^^^^^^
  File "C:\Users\hp\AppData\Local\Programs\Python\Python313\Lib\site-packages\django\db\backends\sqlite3\base.py", line 360, in execute
    return super().execute(query, params)
           ~~~~~~~~~~~~~~~^^^^^^^^^^^^^^^
sqlite3.OperationalError: no such column: User_profile.image

The above exception was the direct cause of the following exception:

Traceback (most recent call last):
  File "C:\Users\hp\AppData\Local\Programs\Python\Python313\Lib\site-packages\django\core\handlers\exception.py", line 55, in inner
    response = get_response(request)
  File "C:\Users\hp\AppData\Local\Programs\Python\Python313\Lib\site-packages\django\core\handlers\base.py", line 197, in _get_response
    response = wrapped_callback(request, *callback_args, **callback_kwargs)
  File "C:\Users\hp\Labs_SoftWare-Engineering\Lab6\School\User\views.py", line 17, in UserLogin
    login(request, user)
    ~~~~~^^^^^^^^^^^^^^^
  File "C:\Users\hp\AppData\Local\Programs\Python\Python313\Lib\site-packages\django\contrib\auth\__init__.py", line 197, in login
    user_logged_in.send(sender=user.__class__, request=request, user=user)
    ~~~~~~~~~~~~~~~~~~~^^^^^^^^^^^^^^^^^^^^^^^^^^^^^^^^^^^^^^^^^^^^^^^^^^^
  File "C:\Users\hp\AppData\Local\Programs\Python\Python313\Lib\site-packages\django\dispatch\dispatcher.py", line 189, in send
    response = receiver(signal=self, sender=sender, **named)
  File "C:\Users\hp\AppData\Local\Programs\Python\Python313\Lib\site-packages\django\contrib\auth\models.py", line 24, in update_last_login
    user.save(update_fields=["last_login"])
    ~~~~~~~~~^^^^^^^^^^^^^^^^^^^^^^^^^^^^^^
  File "C:\Users\hp\AppData\Local\Programs\Python\Python313\Lib\site-packages\django\contrib\auth\base_user.py", line 65, in save
    super().save(*args, **kwargs)
    ~~~~~~~~~~~~^^^^^^^^^^^^^^^^^
  File "C:\Users\hp\AppData\Local\Programs\Python\Python313\Lib\site-packages\django\db\models\base.py", line 902, in save
    self.save_base(
    ~~~~~~~~~~~~~~^
        using=using,
        ^^^^^^^^^^^^
    ...<2 lines>...
        update_fields=update_fields,
        ^^^^^^^^^^^^^^^^^^^^^^^^^^^^
    )
    ^
  File "C:\Users\hp\AppData\Local\Programs\Python\Python313\Lib\site-packages\django\db\models\base.py", line 1023, in save_base
    post_save.send(
    ~~~~~~~~~~~~~~^
        sender=origin,
        ^^^^^^^^^^^^^^
    ...<4 lines>...
        using=using,
        ^^^^^^^^^^^^
    )
    ^
  File "C:\Users\hp\AppData\Local\Programs\Python\Python313\Lib\site-packages\django\dispatch\dispatcher.py", line 189, in send
    response = receiver(signal=self, sender=sender, **named)
  File "C:\Users\hp\Labs_SoftWare-Engineering\Lab6\School\User\models.py", line 35, in save_user_profile
    instance.profile.save()
    ^^^^^^^^^^^^^^^^
  File "C:\Users\hp\AppData\Local\Programs\Python\Python313\Lib\site-packages\django\db\models\fields\related_descriptors.py", line 523, in __get__
    rel_obj = self.get_queryset(instance=instance).get(**filter_args)
  File "C:\Users\hp\AppData\Local\Programs\Python\Python313\Lib\site-packages\django\db\models\query.py", line 629, in get
    num = len(clone)
  File "C:\Users\hp\AppData\Local\Programs\Python\Python313\Lib\site-packages\django\db\models\query.py", line 366, in __len__
    self._fetch_all()
    ~~~~~~~~~~~~~~~^^
  File "C:\Users\hp\AppData\Local\Programs\Python\Python313\Lib\site-packages\django\db\models\query.py", line 1949, in _fetch_all
    self._result_cache = list(self._iterable_class(self))
                         ~~~~^^^^^^^^^^^^^^^^^^^^^^^^^^^^
  File "C:\Users\hp\AppData\Local\Programs\Python\Python313\Lib\site-packages\django\db\models\query.py", line 91, in __iter__
    results = compiler.execute_sql(
        chunked_fetch=self.chunked_fetch, chunk_size=self.chunk_size
    )
  File "C:\Users\hp\AppData\Local\Programs\Python\Python313\Lib\site-packages\django\db\models\sql\compiler.py", line 1623, in execute_sql
    cursor.execute(sql, params)
    ~~~~~~~~~~~~~~^^^^^^^^^^^^^
  File "C:\Users\hp\AppData\Local\Programs\Python\Python313\Lib\site-packages\django\db\backends\utils.py", line 122, in execute
    return super().execute(sql, params)
           ~~~~~~~~~~~~~~~^^^^^^^^^^^^^
  File "C:\Users\hp\AppData\Local\Programs\Python\Python313\Lib\site-packages\django\db\backends\utils.py", line 79, in execute
    return self._execute_with_wrappers(
           ~~~~~~~~~~~~~~~~~~~~~~~~~~~^
        sql, params, many=False, executor=self._execute
        ^^^^^^^^^^^^^^^^^^^^^^^^^^^^^^^^^^^^^^^^^^^^^^^
    )
    ^
  File "C:\Users\hp\AppData\Local\Programs\Python\Python313\Lib\site-packages\django\db\backends\utils.py", line 92, in _execute_with_wrappers
    return executor(sql, params, many, context)
  File "C:\Users\hp\AppData\Local\Programs\Python\Python313\Lib\site-packages\django\db\backends\utils.py", line 100, in _execute
    with self.db.wrap_database_errors:
         ^^^^^^^^^^^^^^^^^^^^^^^^^^^^
  File "C:\Users\hp\AppData\Local\Programs\Python\Python313\Lib\site-packages\django\db\utils.py", line 91, in __exit__
    raise dj_exc_value.with_traceback(traceback) from exc_value
  File "C:\Users\hp\AppData\Local\Programs\Python\Python313\Lib\site-packages\django\db\backends\utils.py", line 105, in _execute
    return self.cursor.execute(sql, params)
           ~~~~~~~~~~~~~~~~~~~^^^^^^^^^^^^^
  File "C:\Users\hp\AppData\Local\Programs\Python\Python313\Lib\site-packages\django\db\backends\sqlite3\base.py", line 360, in execute
    return super().execute(query, params)
           ~~~~~~~~~~~~~~~^^^^^^^^^^^^^^^
django.db.utils.OperationalError: no such column: User_profile.image
ERROR 2025-09-06 21:16:10,066 basehttp 12080 11976 "POST /User/login/?next=/Teacher/show/ HTTP/1.1" 500 186719
WARNING 2025-09-06 21:16:24,510 log 12080 20312 Forbidden (CSRF token from POST incorrect.): /User/login/
WARNING 2025-09-06 21:16:24,512 basehttp 12080 20312 "POST /User/login/?next=/Teacher/show/ HTTP/1.1" 403 2529
INFO 2025-09-06 21:16:27,595 basehttp 12080 3948 "GET /User/login/?next=/Teacher/show/ HTTP/1.1" 200 2018
INFO 2025-09-06 21:16:31,454 basehttp 12080 3948 "GET /Student/ HTTP/1.1" 200 5854
INFO 2025-09-06 21:16:35,601 basehttp 12080 8616 "GET /Teacher/show/ HTTP/1.1" 302 0
INFO 2025-09-06 21:16:35,641 basehttp 12080 8616 "GET /User/login/?next=/Teacher/show/ HTTP/1.1" 200 2018
INFO 2025-09-06 21:16:35,705 basehttp 12080 8616 "GET /static/styles.css HTTP/1.1" 304 0
INFO 2025-09-06 21:16:54,345 basehttp 12080 10060 "POST /User/login/?next=/Teacher/show/ HTTP/1.1" 302 0
INFO 2025-09-06 21:16:54,383 basehttp 12080 10060 "GET /Student/ HTTP/1.1" 200 5854
INFO 2025-09-06 21:16:57,778 basehttp 12080 18312 "GET /Student/show/ HTTP/1.1" 200 5993
INFO 2025-09-06 21:17:03,631 basehttp 12080 18312 "GET /User/profile/ HTTP/1.1" 200 3775
WARNING 2025-09-06 21:17:03,765 basehttp 12080 18312 "GET /static/default_profile.png HTTP/1.1" 404 1984
INFO 2025-09-06 21:17:21,750 basehttp 12080 19820 "POST /User/profile/ HTTP/1.1" 302 0
INFO 2025-09-06 21:17:21,878 basehttp 12080 19820 "GET /User/profile/ HTTP/1.1" 200 4245
INFO 2025-09-06 21:17:22,645 basehttp 12080 19820 "GET /media/profile_pics/WhatsApp_Image_2025-08-12_at_16.18.46_f86776f5.jpg HTTP/1.1" 200 15029
INFO 2025-09-06 21:17:25,902 basehttp 12080 7708 "GET /Student/show/ HTTP/1.1" 200 5993
INFO 2025-09-06 21:17:27,587 basehttp 12080 7708 "GET /User/profile/ HTTP/1.1" 200 4013
INFO 2025-09-06 21:17:27,649 basehttp 12080 7708 "GET /media/profile_pics/WhatsApp_Image_2025-08-12_at_16.18.46_f86776f5.jpg HTTP/1.1" 304 0
INFO 2025-09-06 21:17:38,093 basehttp 12080 7708 "POST /User/profile/ HTTP/1.1" 302 0
INFO 2025-09-06 21:17:38,128 basehttp 12080 7708 "GET /User/profile/ HTTP/1.1" 200 4245
INFO 2025-09-06 21:17:38,232 basehttp 12080 7708 "GET /media/profile_pics/WhatsApp_Image_2025-08-12_at_16.18.46_f86776f5.jpg HTTP/1.1" 304 0
INFO 2025-09-06 21:17:55,975 basehttp 12080 19000 "GET /Teacher/show/ HTTP/1.1" 200 4775
INFO 2025-09-06 21:17:56,026 basehttp 12080 19000 "GET /static/styles.css HTTP/1.1" 304 0
INFO 2025-09-06 21:17:58,512 basehttp 12080 19000 "GET /Student/ HTTP/1.1" 200 5854
INFO 2025-09-06 21:17:59,031 basehttp 12080 20476 - Broken pipe from ('127.0.0.1', 39931)
INFO 2025-09-06 21:18:00,550 basehttp 12080 19000 "GET /Student/show/ HTTP/1.1" 200 5993
INFO 2025-09-06 21:18:04,283 basehttp 12080 19000 "GET /User/profile/ HTTP/1.1" 200 4013
INFO 2025-09-06 21:18:04,394 basehttp 12080 19000 "GET /media/profile_pics/pexels-patrick-bryan-2150373533-32187217.jpg HTTP/1.1" 200 126933
INFO 2025-09-06 21:18:19,050 basehttp 12080 14320 "GET /Student/show/ HTTP/1.1" 200 5993
INFO 2025-09-06 21:18:22,381 basehttp 12080 14320 "GET /Teacher/show/ HTTP/1.1" 200 4775
INFO 2025-09-06 21:19:56,669 basehttp 12080 14320 "GET /Student/show/ HTTP/1.1" 200 5993
INFO 2025-09-06 21:19:56,734 basehttp 12080 14320 "GET /static/styles.css HTTP/1.1" 304 0
INFO 2025-09-06 21:20:04,086 basehttp 12080 15860 "GET /Student/edit/3 HTTP/1.1" 200 3802
INFO 2025-09-06 21:20:09,531 basehttp 12080 15860 "GET /Student/delete/3 HTTP/1.1" 200 2040
INFO 2025-09-06 21:20:11,421 basehttp 12080 19496 "GET /Student/show/ HTTP/1.1" 200 5993
INFO 2025-09-06 21:20:20,796 basehttp 12080 18596 "GET /User/profile/ HTTP/1.1" 200 4013
INFO 2025-09-06 21:20:21,033 basehttp 12080 18596 "GET /media/profile_pics/pexels-patrick-bryan-2150373533-32187217.jpg HTTP/1.1" 304 0
INFO 2025-09-06 21:21:23,992 basehttp 12080 18596 - Broken pipe from ('127.0.0.1', 45266)
INFO 2025-09-06 21:21:33,335 basehttp 12080 18592 "GET /User/profile/ HTTP/1.1" 200 4171
INFO 2025-09-06 21:21:33,420 basehttp 12080 18592 "GET /static/styles.css HTTP/1.1" 304 0
INFO 2025-09-06 21:21:33,424 basehttp 12080 14252 "GET /media/profile_pics/pexels-patrick-bryan-2150373533-32187217.jpg HTTP/1.1" 304 0
INFO 2025-09-06 21:21:33,850 basehttp 12080 13008 - Broken pipe from ('127.0.0.1', 13052)
INFO 2025-09-06 21:21:59,614 basehttp 12080 14252 "GET /Teacher/show/ HTTP/1.1" 200 4775
INFO 2025-09-06 21:22:02,069 basehttp 12080 14252 "GET /User/profile/ HTTP/1.1" 200 4171
INFO 2025-09-06 21:22:02,146 basehttp 12080 14252 "GET /media/profile_pics/pexels-patrick-bryan-2150373533-32187217.jpg HTTP/1.1" 304 0
INFO 2025-09-06 21:22:03,645 basehttp 12080 14252 "GET /Teacher/show/ HTTP/1.1" 200 4775
INFO 2025-09-06 21:22:04,206 basehttp 12080 14252 "GET /User/profile/ HTTP/1.1" 200 4171
INFO 2025-09-06 21:22:05,874 basehttp 12080 14252 "GET /Teacher/show/ HTTP/1.1" 200 4775
INFO 2025-09-06 21:22:08,451 basehttp 12080 14252 "GET /Student/show/ HTTP/1.1" 200 5993
INFO 2025-09-06 21:23:13,069 basehttp 12080 14252 "GET /User/profile/ HTTP/1.1" 200 4171
INFO 2025-09-06 21:23:13,131 basehttp 12080 14252 "GET /static/styles.css HTTP/1.1" 304 0
INFO 2025-09-06 21:23:13,138 basehttp 12080 18592 "GET /media/profile_pics/pexels-patrick-bryan-2150373533-32187217.jpg HTTP/1.1" 304 0
INFO 2025-09-06 21:23:13,791 basehttp 12080 18592 "GET /User/logout/ HTTP/1.1" 302 0
INFO 2025-09-06 21:23:13,805 basehttp 12080 18592 "GET /User/login/ HTTP/1.1" 200 2410
INFO 2025-09-06 21:23:23,101 basehttp 12080 18592 - Broken pipe from ('127.0.0.1', 32796)
INFO 2025-09-06 21:23:27,057 basehttp 12080 14252 "POST /User/login/ HTTP/1.1" 302 0
INFO 2025-09-06 21:23:27,072 basehttp 12080 14252 "GET /Student/ HTTP/1.1" 200 5854
INFO 2025-09-06 21:23:28,575 basehttp 12080 14252 "GET /Student/show/ HTTP/1.1" 200 5993
WARNING 2025-09-06 21:23:48,166 log 12080 14252 Not Found: /Student/show/addmin
WARNING 2025-09-06 21:23:48,167 basehttp 12080 14252 "GET /Student/show/addmin HTTP/1.1" 404 4602
INFO 2025-09-06 21:23:56,033 basehttp 12080 14252 "GET /admin HTTP/1.1" 301 0
INFO 2025-09-06 21:23:56,076 basehttp 12080 16588 "GET /admin/ HTTP/1.1" 302 0
INFO 2025-09-06 21:23:56,306 basehttp 12080 16588 "GET /admin/login/?next=/admin/ HTTP/1.1" 200 3915
INFO 2025-09-06 21:23:56,437 basehttp 12080 16588 "GET /static/admin/css/base.css HTTP/1.1" 200 22120
INFO 2025-09-06 21:23:56,502 basehttp 12080 19768 "GET /static/admin/css/dark_mode.css HTTP/1.1" 200 2808
INFO 2025-09-06 21:23:56,505 basehttp 12080 16588 "GET /static/admin/css/nav_sidebar.css HTTP/1.1" 200 2810
INFO 2025-09-06 21:23:56,553 basehttp 12080 19768 "GET /static/admin/css/rtl.css HTTP/1.1" 200 4772
INFO 2025-09-06 21:23:56,573 basehttp 12080 16588 "GET /static/admin/css/login.css HTTP/1.1" 200 951
INFO 2025-09-06 21:23:56,585 basehttp 12080 16588 "GET /static/admin/css/responsive_rtl.css HTTP/1.1" 200 1991
INFO 2025-09-06 21:23:56,594 basehttp 12080 19768 "GET /static/admin/css/responsive.css HTTP/1.1" 200 16565
INFO 2025-09-06 21:23:56,606 basehttp 12080 19768 "GET /static/admin/js/nav_sidebar.js HTTP/1.1" 200 3063
INFO 2025-09-06 21:23:56,647 basehttp 12080 11860 "GET /static/admin/js/theme.js HTTP/1.1" 200 1653
INFO 2025-09-06 21:24:03,602 basehttp 12080 11860 "POST /admin/login/?next=/admin/ HTTP/1.1" 200 4158
INFO 2025-09-06 21:24:19,352 basehttp 12080 11860 "POST /admin/login/?next=/admin/ HTTP/1.1" 200 4159
INFO 2025-09-06 21:24:28,474 basehttp 12080 11860 "POST /admin/login/?next=/admin/ HTTP/1.1" 200 4159
INFO 2025-09-06 21:24:43,410 basehttp 12080 11860 "POST /admin/login/?next=/admin/ HTTP/1.1" 200 4159
INFO 2025-09-06 21:25:03,423 basehttp 12080 11860 "GET / HTTP/1.1" 302 0
INFO 2025-09-06 21:25:03,468 basehttp 12080 11860 "GET /Student/ HTTP/1.1" 200 5854
INFO 2025-09-06 21:25:05,852 basehttp 12080 11860 "GET /Student/show/ HTTP/1.1" 200 5984
INFO 2025-09-06 21:25:05,906 basehttp 12080 11860 "GET /static/styles.css HTTP/1.1" 304 0
INFO 2025-09-06 21:25:10,086 basehttp 12080 13368 "GET /Teacher/show/ HTTP/1.1" 200 4766
INFO 2025-09-06 21:25:14,574 basehttp 12080 13368 "GET /Teacher/EditTeacher/3 HTTP/1.1" 200 3163
INFO 2025-09-06 21:25:23,115 basehttp 12080 11992 "GET /User/profile/ HTTP/1.1" 200 4171
INFO 2025-09-06 21:25:23,169 basehttp 12080 11992 "GET /media/profile_pics/pexels-patrick-bryan-2150373533-32187217.jpg HTTP/1.1" 304 0
INFO 2025-09-06 21:25:26,887 basehttp 12080 8404 "GET /Student/show/ HTTP/1.1" 200 5984
INFO 2025-09-06 21:25:27,922 basehttp 12080 8404 "GET /Student/ HTTP/1.1" 200 5854
INFO 2025-09-06 21:26:00,228 basehttp 12080 17940 "GET /Teacher/show/ HTTP/1.1" 200 4766
INFO 2025-09-06 21:26:07,201 basehttp 12080 16516 "GET /Student/ HTTP/1.1" 200 5854
INFO 2025-09-06 21:26:08,587 basehttp 12080 16516 "GET /Teacher/show/ HTTP/1.1" 200 4766
INFO 2025-09-06 21:26:10,027 basehttp 12080 16516 "GET /User/profile/ HTTP/1.1" 200 4171
INFO 2025-09-06 21:26:10,090 basehttp 12080 16516 "GET /media/profile_pics/pexels-patrick-bryan-2150373533-32187217.jpg HTTP/1.1" 304 0
INFO 2025-09-06 21:26:22,624 basehttp 12080 15520 "GET /User/profile/ HTTP/1.1" 200 4171
INFO 2025-09-06 21:26:25,831 basehttp 12080 15520 "GET /Teacher/show/ HTTP/1.1" 200 4766
INFO 2025-09-06 21:39:35,947 basehttp 12080 12652 "GET /Teacher/EditTeacher/4 HTTP/1.1" 200 3169
INFO 2025-09-06 21:39:36,091 basehttp 12080 12652 "GET /static/styles.css HTTP/1.1" 304 0
INFO 2025-09-06 21:39:50,326 basehttp 12080 5592 "GET /Teacher/show/ HTTP/1.1" 200 4766
INFO 2025-09-06 21:39:51,298 basehttp 12080 5592 "GET /Student/show/ HTTP/1.1" 200 5984
INFO 2025-09-06 21:40:01,968 basehttp 12080 5592 "GET /Teacher/show/ HTTP/1.1" 200 4766
INFO 2025-09-06 21:40:03,007 basehttp 12080 5592 "GET /User/profile/ HTTP/1.1" 200 4171
INFO 2025-09-06 21:40:03,112 basehttp 12080 5592 "GET /media/profile_pics/pexels-patrick-bryan-2150373533-32187217.jpg HTTP/1.1" 304 0
INFO 2025-09-06 21:40:10,481 basehttp 12080 5592 "GET /Student/ HTTP/1.1" 200 5854
INFO 2025-09-06 21:40:14,632 basehttp 12080 18464 "GET /Student/ HTTP/1.1" 200 5854
INFO 2025-09-06 21:40:15,615 basehttp 12080 18464 "GET /Student/show/ HTTP/1.1" 200 5984
INFO 2025-09-06 22:10:30,622 autoreload 7888 10764 Watching for file changes with StatReloader
INFO 2025-09-06 22:17:33,775 autoreload 19408 14536 Watching for file changes with StatReloader
INFO 2025-09-06 22:24:49,539 autoreload 2140 15584 Watching for file changes with StatReloader
INFO 2025-09-06 22:52:29,283 autoreload 11088 21064 Watching for file changes with StatReloader
INFO 2025-09-06 22:52:32,348 basehttp 11088 12244 "GET / HTTP/1.1" 302 0
INFO 2025-09-06 22:52:32,435 basehttp 11088 12244 "GET /Student/ HTTP/1.1" 200 5854
WARNING 2025-09-06 22:52:34,162 log 11088 12244 Not Found: /favicon.ico
WARNING 2025-09-06 22:52:34,164 basehttp 11088 12244 "GET /favicon.ico HTTP/1.1" 404 2784
INFO 2025-09-06 22:52:35,329 basehttp 11088 12244 "GET /Student/ HTTP/1.1" 200 5854
INFO 2025-09-06 22:52:36,645 basehttp 11088 12244 "GET /Student/show/ HTTP/1.1" 302 0
INFO 2025-09-06 22:52:36,700 basehttp 11088 12244 "GET /User/login/?next=/Student/show/ HTTP/1.1" 200 2018
INFO 2025-09-06 22:52:36,794 basehttp 11088 12244 "GET /static/styles.css HTTP/1.1" 304 0
WARNING 2025-09-06 22:52:37,177 basehttp 11088 12244 "GET /static/favicon.ico HTTP/1.1" 404 1893
INFO 2025-09-06 22:52:53,230 basehttp 11088 21044 "POST /User/login/?next=/Student/show/ HTTP/1.1" 302 0
INFO 2025-09-06 22:52:53,246 basehttp 11088 21044 "GET /Student/ HTTP/1.1" 200 5854
INFO 2025-09-06 22:53:32,156 basehttp 11088 21044 "GET /Student/show/ HTTP/1.1" 200 6060
INFO 2025-09-06 22:53:39,824 basehttp 11088 21044 "GET /User/profile/ HTTP/1.1" 200 4247
INFO 2025-09-06 22:53:39,945 basehttp 11088 21044 "GET /media/profile_pics/pexels-patrick-bryan-2150373533-32187217.jpg HTTP/1.1" 304 0
INFO 2025-09-06 22:53:45,115 basehttp 11088 21044 "GET /Teacher/show/ HTTP/1.1" 200 4842
INFO 2025-09-06 22:53:48,175 basehttp 11088 21044 "GET /Teacher/DeleteTeacher/3 HTTP/1.1" 200 1784
INFO 2025-09-06 22:53:50,925 basehttp 11088 21044 "GET /Teacher/show/ HTTP/1.1" 200 3979
INFO 2025-09-06 22:53:53,541 basehttp 11088 21044 "GET /Teacher/AddTeacher/ HTTP/1.1" 200 3169
INFO 2025-09-06 22:54:39,680 basehttp 11088 21044 "POST /Teacher/AddTeacher/ HTTP/1.1" 200 2056
INFO 2025-09-06 22:54:44,253 basehttp 11088 21044 "GET /Teacher/show/ HTTP/1.1" 200 4844
INFO 2025-09-06 22:54:44,812 basehttp 11088 21044 "GET /media/images/25/09/06/pexels-patrick-bryan-2150373533-32187217_NQ6lvsM.jpg HTTP/1.1" 200 126933
INFO 2025-09-06 22:54:49,560 basehttp 11088 21044 "GET /Teacher/EditTeacher/4 HTTP/1.1" 200 3245
ERROR 2025-09-06 22:55:02,319 log 11088 21044 Internal Server Error: /Teacher/EditTeacher/4
Traceback (most recent call last):
  File "C:\Users\hp\Django-Labs\DjangoEnv\Lib\site-packages\django\core\handlers\exception.py", line 55, in inner
    response = get_response(request)
  File "C:\Users\hp\Django-Labs\DjangoEnv\Lib\site-packages\django\core\handlers\base.py", line 197, in _get_response
    response = wrapped_callback(request, *callback_args, **callback_kwargs)
  File "C:\Users\hp\Django-Labs\DjangoEnv\Lib\site-packages\django\contrib\auth\decorators.py", line 23, in _wrapper_view
    return view_func(request, *args, **kwargs)
  File "C:\Users\hp\Labs_SoftWare-Engineering\Lab6\School\Teacher\views.py", line 29, in EditTeacher
    if form.is_valid():
       ~~~~~~~~~~~~~^^
  File "C:\Users\hp\Django-Labs\DjangoEnv\Lib\site-packages\django\forms\forms.py", line 201, in is_valid
    return self.is_bound and not self.errors
                                 ^^^^^^^^^^^
  File "C:\Users\hp\Django-Labs\DjangoEnv\Lib\site-packages\django\forms\forms.py", line 196, in errors
    self.full_clean()
    ~~~~~~~~~~~~~~~^^
  File "C:\Users\hp\Django-Labs\DjangoEnv\Lib\site-packages\django\forms\forms.py", line 433, in full_clean
    self._clean_fields()
    ~~~~~~~~~~~~~~~~~~^^
  File "C:\Users\hp\Django-Labs\DjangoEnv\Lib\site-packages\django\forms\forms.py", line 448, in _clean_fields
    value = getattr(self, "clean_%s" % name)()
  File "C:\Users\hp\Labs_SoftWare-Engineering\Lab6\School\Teacher\forms.py", line 67, in clean_image
    if not image.content_type.startswith('image/'):
           ^^^^^^^^^^^^^^^^^^
AttributeError: 'ImageFieldFile' object has no attribute 'content_type'
ERROR 2025-09-06 22:55:02,334 basehttp 11088 21044 "POST /Teacher/EditTeacher/4 HTTP/1.1" 500 96382
ERROR 2025-09-06 22:55:09,154 log 11088 21044 Internal Server Error: /Teacher/EditTeacher/4
Traceback (most recent call last):
  File "C:\Users\hp\Django-Labs\DjangoEnv\Lib\site-packages\django\core\handlers\exception.py", line 55, in inner
    response = get_response(request)
  File "C:\Users\hp\Django-Labs\DjangoEnv\Lib\site-packages\django\core\handlers\base.py", line 197, in _get_response
    response = wrapped_callback(request, *callback_args, **callback_kwargs)
  File "C:\Users\hp\Django-Labs\DjangoEnv\Lib\site-packages\django\contrib\auth\decorators.py", line 23, in _wrapper_view
    return view_func(request, *args, **kwargs)
  File "C:\Users\hp\Labs_SoftWare-Engineering\Lab6\School\Teacher\views.py", line 29, in EditTeacher
    if form.is_valid():
       ~~~~~~~~~~~~~^^
  File "C:\Users\hp\Django-Labs\DjangoEnv\Lib\site-packages\django\forms\forms.py", line 201, in is_valid
    return self.is_bound and not self.errors
                                 ^^^^^^^^^^^
  File "C:\Users\hp\Django-Labs\DjangoEnv\Lib\site-packages\django\forms\forms.py", line 196, in errors
    self.full_clean()
    ~~~~~~~~~~~~~~~^^
  File "C:\Users\hp\Django-Labs\DjangoEnv\Lib\site-packages\django\forms\forms.py", line 433, in full_clean
    self._clean_fields()
    ~~~~~~~~~~~~~~~~~~^^
  File "C:\Users\hp\Django-Labs\DjangoEnv\Lib\site-packages\django\forms\forms.py", line 448, in _clean_fields
    value = getattr(self, "clean_%s" % name)()
  File "C:\Users\hp\Labs_SoftWare-Engineering\Lab6\School\Teacher\forms.py", line 67, in clean_image
    if not image.content_type.startswith('image/'):
           ^^^^^^^^^^^^^^^^^^
AttributeError: 'ImageFieldFile' object has no attribute 'content_type'
ERROR 2025-09-06 22:55:09,164 basehttp 11088 21044 "POST /Teacher/EditTeacher/4 HTTP/1.1" 500 96382
INFO 2025-09-06 22:55:12,845 basehttp 11088 21044 "GET /Teacher/show/ HTTP/1.1" 200 4844
INFO 2025-09-06 22:55:12,914 basehttp 11088 21044 "GET /media/images/25/09/06/pexels-patrick-bryan-2150373533-32187217_NQ6lvsM.jpg HTTP/1.1" 304 0
INFO 2025-09-06 22:55:56,500 basehttp 11088 21044 "GET /User/profile/ HTTP/1.1" 200 4247
INFO 2025-09-06 22:56:03,309 basehttp 11088 21044 "GET /Student/ HTTP/1.1" 200 5854
INFO 2025-09-06 22:56:04,839 basehttp 11088 21044 "GET /Student/show/ HTTP/1.1" 200 6060
INFO 2025-09-06 22:56:06,748 basehttp 11088 21044 "GET /User/send-message/ HTTP/1.1" 200 6344
INFO 2025-09-06 23:20:57,499 basehttp 11088 20136 "POST /User/send-message/ HTTP/1.1" 200 6957
INFO 2025-09-06 23:20:57,572 basehttp 11088 20136 "GET /static/styles.css HTTP/1.1" 304 0
